team_id,team_name,ladder_score,last_submission
16658931,somewhere after,3092.3,2026-08-04 17:13:10.983000
16641077,lucaskna,2950.4,2026-08-04 23:48:05.330000
16658025,Dennis Gioche,2935.8,2026-08-05 02:38:19.733000
16630675,Lucien de Rubempre,2932.7,2026-08-04 19:41:54.500000
16623152,Ibad Ur Rahman,2931.6,2026-08-04 22:19:19.103000
16661667,Wufang Hong,2903.5,2026-08-05 00:27:36.393000
16651332,Le Viet,2874.5,2026-08-05 04:50:23.610000
16625013,sash,2868.2,2026-08-05 01:00:10.530000
16644150,J.M.Mubasshir Rahman,2838.0,2026-08-04 16:29:51.973000
16655912,sssskilo,2830.1,2026-08-05 02:14:14.640000
16643125,CARLOS CAADA ROSTRO,2828.0,2026-08-04 20:01:30.753000
16663946,Circiumaru,2821.2,2026-08-05 01:45:13.583000
16639625,Dr Chandrasen Pandey,2813.3,2026-08-05 01:26:52.856000
16634468,Kun Zhang,2796.9,2026-08-05 03:01:40.806000
16658343,aisamhottman,2796.3,2026-08-05 03:02:36.590000
16663099,Md. Abdullah Al Mamun,2795.5,2026-08-05 02:16:43.550000
16639979,naphthalene,2787.1,2026-08-05 02:29:14.906000
16664239,VK_Kaggriculture..StartCompet,2784.8,2026-08-05 02:03:48.496000
16663748,Calmracer,2783.3,2026-08-05 03:21:11.260000
16638909,mbscgi,2779.6,2026-08-04 22:48:03.943000
16655323,roma,2778.6,2026-08-05 00:51:16.493000
16663178,Sm00thiecodes,2777.7,2026-08-04 20:48:09.090000
16622198,THUNDER THUNDER,2774.6,2026-08-05 00:01:26.710000
16623799,Akhilesh godugu,2774.0,2026-08-05 03:23:07.916000
16661558,안녕하세요이세입니다잘부탁드립니다,2753.0,2026-08-05 03:00:15.163000
16622531,musya lyusya team,2752.2,2026-08-05 01:39:51.313000
16634179,daoviet,2745.8,2026-08-05 01:46:27.106000
16629165,lingyu07,2745.4,2026-08-05 02:41:08.293000
16652896,R^2 negative,2742.8,2026-08-04 23:14:38.013000
16631115,prvsiyan,2737.9,2026-08-04 23:29:02.703000
16623370,kenmatsu4,2734.8,2026-08-04 08:52:28.920000
16661707,Rudolf HOUNLETE,2733.1,2026-08-05 02:25:39.696000
16653085,haoran huang430,2726.8,2026-08-04 04:43:52.076000
16655478,Bruce,2723.0,2026-08-04 22:33:42.006000
16655686,Kyle,2707.2,2026-08-05 02:31:19.633000
16632715,cmasch,2697.3,2026-08-04 19:11:37.353000
16622349,Mengfei Li,2687.5,2026-08-04 22:41:26.296000
16624919,Juste Me (●'◡'●),2687.0,2026-08-03 19:15:02.460000
16654726,James Mancillas,2685.9,2026-08-04 20:06:49.883000
16652710,Ryutogrrr,2679.6,2026-08-05 03:53:49.380000
16653117,li jiaqi77,2671.8,2026-08-04 06:18:03.750000
16657942,Gokul Prasath,2671.7,2026-08-04 23:38:18.523000
16663513,Nagi sisiro,2663.5,2026-08-05 00:54:11.633000
16631595,CuteClaw,2655.0,2026-08-05 00:01:23.273000
16663485,Jacob Alstrup,2651.6,2026-08-04 21:03:17.473000
16629624,Sayandeep Ghosh,2651.5,2026-08-04 21:14:16.596000
16622509,Ali,2646.3,2026-08-04 22:32:45.450000
16659160,Dmitry Bardonov,2641.9,2026-08-04 12:32:30.930000
16654511,Syed Shayan Ali Shah,2633.7,2026-08-04 09:04:25.863000
16637255,Peter Parker,2630.0,2026-08-05 00:03:33.896000
16654379,Sebastian Mateus,2622.2,2026-08-05 00:14:07.983000
16654209,Nirav Mehta 1612,2620.0,2026-08-04 19:20:45.170000
16660233,ko9ma,2617.7,2026-08-04 13:22:29.290000
16639871,Gauthier Avite,2615.7,2026-08-05 03:15:22.730000
16623836,awarse,2613.7,2026-08-05 01:06:58.860000
16625060,Subin An,2608.7,2026-08-05 01:57:47.653000
16623603,Renji Starfall,2607.9,2026-08-03 20:11:25.806000
16653855,Klgv Klgv,2604.0,2026-08-03 16:55:51.816000
16627799,navazsh fathi,2598.8,2026-08-03 18:09:36.196000
16654322,Debatreya Biswas,2597.2,2026-08-03 18:04:48.703000
16626655,Surya milenial,2596.4,2026-08-05 02:12:47.153000
16654669,Jordi Corbilla,2596.2,2026-08-03 19:33:00.093000
16655704,heinado,2588.0,2026-08-04 06:46:00.523000
16654153,"Mateus Cruz, Msc.",2585.7,2026-08-03 17:44:02.136000
16644578,Chloe,2583.8,2026-08-05 04:07:49.650000
16622376,fmind,2583.4,2026-08-03 15:27:42.106000
16654006,Harish Dhanarajan,2582.9,2026-08-03 17:23:50.320000
16621497,Victor @ Tufa Labs,2577.8,2026-08-04 13:18:30.980000
16635062,DL,2572.3,2026-08-03 21:15:12.893000
16623635,HiroyukiSasaki,2568.3,2026-08-04 07:59:22.116000
16622919,Waffle,2566.1,2026-08-05 02:20:19.320000
16661739,Spandan Mhapsekar,2563.2,2026-08-04 16:33:10.690000
16660041,Hoàng Quốc Việt ,2561.7,2026-08-05 02:28:06.820000
16644481,Liquidus,2560.2,2026-08-04 01:21:11.866000
16621481,zero waste,2555.5,2026-08-04 07:21:59.216000
16632867,Rayk Kretzschmar,2552.8,2026-08-05 03:42:53.876000
16622319,Roman Tamrazov 52,2552.6,2026-08-04 07:01:18.330000
16650701,Oliver Wang,2546.3,2026-08-03 16:17:36.830000
16631460,Kosuke.T,2539.8,2026-08-04 21:22:16.523000
16657825,MilanJoshi,2530.5,2026-08-04 15:38:57.850000
16627032,Kaito Fukami,2524.9,2026-08-05 02:13:39.573000
16658109,edward1503,2520.3,2026-08-05 02:25:43.880000
16654091,webmaking,2511.7,2026-08-04 21:32:46.840000
16623381,cocoaAI,2511.0,2026-08-05 01:30:34.056000
16630142,zawawannko,2506.2,2026-08-05 03:16:49.583000
16632493,oni chan arigato,2500.3,2026-08-04 15:15:00.900000
16632694,8ct10nz,2495.8,2026-08-04 12:02:49.683000
16632579,ZZfancy,2495.8,2026-08-04 13:26:56.093000
16623559,DECEM,2492.0,2026-08-05 03:43:52.836000
16635280,Narendra Sirvi,2490.8,2026-08-05 04:29:37.153000
16621735,VN-Orion,2489.5,2026-08-03 08:39:21.186000
16660037,shehai.lrs,2471.7,2026-08-05 00:36:36.473000
16660613,今日洗头明日香,2469.8,2026-08-05 03:29:27.583000
16623398,Tony Li,2454.3,2026-08-04 23:11:09.160000
16635238,Tai Tien Ta,2454.1,2026-08-04 02:30:44.356000
16632055,Bugra0,2452.4,2026-08-03 22:44:42.020000
16655335,Justus,2450.2,2026-08-05 00:00:11.076000
16654381,Dmitry Belan,2442.1,2026-08-04 16:41:50.730000
16659727,shuaiqiyang,2438.5,2026-08-05 01:43:29.226000
16622482,Veniamin Nelin,2428.2,2026-08-04 19:40:18.993000
16640880,wenyuan Guo,2426.9,2026-08-04 16:31:42.746000
16635969,Omkar Kadam,2426.9,2026-08-04 15:36:44.063000
16623805,Howon Kang,2425.2,2026-08-04 01:54:59.843000
16623451,Ueddy,2419.6,2026-08-05 03:03:56.536000
16621355,Raiden.B,2419.2,2026-08-05 04:30:14.643000
16655712,Smart Manoj,2418.5,2026-08-04 01:55:13.643000
16626462,mango,2414.0,2026-08-04 01:06:57.330000
16655952,Tianfu Wang (王天夫),2412.8,2026-08-04 10:23:08.726000
16633944,Toru59er,2411.5,2026-08-04 13:31:59.913000
16634143,manual player,2408.4,2026-08-05 02:59:50.073000
16663271,Malyshev Danil,2405.5,2026-08-04 20:01:12.486000
16642207,Nerijus Areska,2405.0,2026-08-04 00:01:32.006000
16659081,JALKARNA GAUTAM,2404.7,2026-08-04 15:29:36.660000
16630441,yjhv buddies,2403.5,2026-08-04 15:17:00.116000
16656503,Thiago Munhoz da Nóbrega,2400.6,2026-08-04 20:47:37.050000
16658616,Amitesh Chaudhary,2393.9,2026-08-04 19:11:26.333000
16636148,SanggeunParrk,2393.4,2026-08-05 04:04:32.313000
16661362,BEETRiX🦋,2386.9,2026-08-04 23:17:17.300000
16623665,Giba,2385.6,2026-08-03 15:22:03.956000
16657449,Тимофей Мартыщенко,2385.3,2026-08-04 22:33:08.750000
16657594,Wojciech Krasowski,2382.0,2026-08-05 04:07:12.623000
16631978,batuhan kalem,2368.6,2026-08-02 22:12:00.300000
16652630,stars_w,2366.1,2026-08-03 12:30:15.696000
16641884,Blacklions.,2363.9,2026-08-03 10:31:07.820000
16653208,FabienDaniel,2363.3,2026-08-04 10:16:06.726000
16662496,KhalidKhan,2353.3,2026-08-04 17:29:32.096000
16652560,Ahmed Samir,2348.6,2026-08-03 12:15:01.133000
16634952,Igor Zharov,2346.0,2026-08-04 17:40:21.276000
16657803,Arya Mazloomi,2345.0,2026-08-04 22:51:25.710000
16633190,Gigrise,2344.9,2026-08-03 19:44:20.573000
16635744,XDang13,2336.4,2026-08-04 19:30:33.143000
16627600,Nat00,2336.3,2026-08-04 09:22:43.080000
16621168,FOYSAL,2332.3,2026-08-04 02:39:53.803000
16624979,Mohamed abdelrazik,2321.3,2026-08-05 05:19:09.333000
16655789,wen chong yu,2318.1,2026-08-05 03:40:06.160000
16634078,yoho kumedayo,2317.1,2026-08-04 22:53:46.920000
16637241,M4nd4l0r14n,2314.8,2026-08-04 11:53:31.973000
16634312,Linh Le,2314.0,2026-08-04 15:52:17.943000
16644221,Guzha Panashe H,2313.7,2026-08-03 11:56:01.633000
16634752,Praise the SHOVEL,2312.1,2026-08-03 16:16:28.200000
16623608,Dmitry Larko,2309.3,2026-08-04 21:19:02.476000
16623199,Jesse Ferguson,2307.3,2026-08-05 00:04:22.986000
16655315,SL,2306.9,2026-08-03 23:09:21.756000
16660395,ljx59141421,2303.2,2026-08-04 12:18:27.736000
16655534,Charles Mills,2301.8,2026-08-04 23:35:48.193000
16621315,Reyhan Ksatria,2300.2,2026-08-05 05:19:14.646000
16622454,automatylicza,2293.4,2026-08-04 20:47:52.300000
16623034,Vlad Kochetov,2287.2,2026-08-03 03:28:34.540000
16621741,Andrey Naymushin,2277.2,2026-08-04 10:43:07.803000
16651244,Knight of Favonius,2276.2,2026-08-03 16:52:23.783000
16660824,Stitch Clarity,2263.5,2026-08-04 15:27:53.410000
16654783,quantara.cv,2248.4,2026-08-05 04:55:49.483000
16657091,raw2clean,2247.1,2026-08-05 03:06:27.963000
16624977,Avikumar93801,2242.7,2026-08-04 11:41:58.916000
16656345,sunchang71,2242.5,2026-08-04 10:12:45.860000
16644643,today,2240.4,2026-08-03 14:43:03.233000
16655179,Dimas Ibnu Muthi,2235.4,2026-08-04 22:40:04.370000
16655501,Savko,2230.4,2026-08-05 02:41:13.403000
16656941,Winter Lamb,2224.1,2026-08-05 04:38:12.170000
16655493,TheDigitalCK,2221.9,2026-08-05 03:08:35.056000
16661010,Dante Dyches-Chandler,2217.1,2026-08-05 04:36:09.390000
16654662,2/3 rounded to two decimals,2213.2,2026-08-05 03:21:46.366000
16650396,RaymondZhao0304,2200.1,2026-08-04 00:39:30.660000
16634128,ZechHuang,2200.0,2026-08-04 13:06:42.266000
16630964,LEEKANG,2199.2,2026-08-03 14:10:21.746000
16641326,IY,2199.1,2026-08-05 04:27:43.116000
16662910,shoryakumar mishra,2191.4,2026-08-04 21:21:54.773000
16624484,Tomoki Hirose,2184.3,2026-08-03 11:56:38.626000
16630713,Grzegorz Sionkowski,2180.7,2026-08-03 19:57:39.826000
16653984,Howard Lyu,2179.7,2026-08-04 20:28:09.886000
16624893,GURU Prasaatha S,2178.6,2026-08-04 14:14:05.816000
16663899,Abdelrahman Aboegela,2175.0,2026-08-05 00:41:07.750000
16633226,test_money,2172.2,2026-08-05 04:15:35.963000
16623691,KevlarZanderChi,2171.9,2026-08-04 08:58:58.073000
16644774,lungjyuanz,2165.7,2026-08-04 09:23:19.836000
16630804,Emre Cirak,2164.8,2026-08-04 06:44:08.330000
16623716,tetsuya,2164.5,2026-08-03 06:33:46.783000
16637987,Xander,2160.5,2026-08-04 10:41:19.596000
16632516,Jiachen Li,2154.0,2026-08-04 12:41:52.420000
16633793,adakoda,2153.4,2026-08-04 21:49:14.363000
16626217,Stanislav Chistyakov,2151.8,2026-08-04 21:51:26.516000
16632262,Milkomeda,2151.0,2026-08-03 05:09:15.020000
16621163,johndeere,2133.4,2026-08-04 11:42:10.053000
16626814,Vu Tran Hoang,2131.7,2026-08-03 15:22:07.386000
16623875,Pavlo Ivanin,2131.5,2026-08-04 00:54:05.833000
16655277,GUAM,2119.1,2026-08-05 04:21:41.966000
16634174,phibkro,2111.2,2026-08-03 10:40:13.796000
16662872,Artem Garbart,2111.2,2026-08-05 01:41:16.173000
16635781,wacata,2106.7,2026-08-03 17:36:08.203000
16658173,Tamizharuvi,2105.7,2026-08-04 20:08:55.090000
16654832,mohit,2099.1,2026-08-05 00:00:37.636000
16656170,Chakrabhuana V  Deva,2097.4,2026-08-04 13:28:05.603000
16634432,Kin,2092.9,2026-08-05 04:23:11.646000
16657429,xiao cat q,2088.2,2026-08-04 10:56:10.280000
16623459,Peng Wang,2087.6,2026-08-05 04:13:37.210000
16624026,Russell Kirk,2079.6,2026-08-03 23:47:30.566000
16641548,Devaansh Pathak,2079.1,2026-08-05 04:33:31.893000
16658044,Roshan Singh,2078.1,2026-08-05 03:32:09.743000
16625908,trantrikien239,2075.0,2026-08-05 04:28:26.006000
16644702,cracker_1_war,2074.7,2026-08-04 23:54:19.030000
16658185,Juwon Kweon,2070.1,2026-08-05 04:48:50.620000
16621515,Alexander Gremyakov,2068.2,2026-08-04 01:25:19.410000
16635747,Jeki Wan Taufik,2059.6,2026-08-05 03:58:23.076000
16654081,Aleksei Ponomarev,2057.3,2026-08-04 23:40:00.823000
16661410,tmxdlr,2050.5,2026-08-05 01:53:43.053000
16630516,Seb (allegedly),2050.1,2026-08-05 02:04:02.583000
16657077,_LT_zyc,2050.0,2026-08-05 01:01:42.443000
16662946,uzair,2039.9,2026-08-04 18:40:46.960000
16626332,MD. Nazmus Sakib Anik,2036.8,2026-08-03 19:48:33.820000
16624056,Raggriculture,2034.0,2026-08-03 13:34:15.826000
16653982,Arul Prasad S P,2029.7,2026-08-04 04:13:03.563000
16663694,Dimitri ZABRE,2018.0,2026-08-05 02:42:45.660000
16634213,kkunizaw,2017.5,2026-08-03 20:47:58.630000
16657785,Himanshu Kumar,2013.7,2026-08-04 18:06:43.253000
16641982,ZotAZaw3,2012.5,2026-08-05 02:59:46.500000
16639496,Sai Teja Bandaru,2008.8,2026-08-04 12:32:35.383000
16654373,thwaitsusa2,2001.5,2026-08-05 04:38:24.713000
16659467,AlexMoura2023,2001.2,2026-08-05 00:00:05.256000
16652900,cjen07,1987.8,2026-08-04 13:09:33.233000
16654742,Aastik Rajan15,1982.3,2026-08-05 02:13:57.726000
16641372,ShoaibSSM,1982.0,2026-08-04 14:09:19.890000
16659761,cheng-han,1980.8,2026-08-05 00:08:53.626000
16623540,TheDuck,1978.4,2026-08-03 23:46:14.723000
16657094,irynavs,1978.3,2026-08-05 04:20:57.680000
16634082,Mikey Marszewski,1977.7,2026-08-03 03:32:13.323000
16655632,Dmitry Kozlov,1976.5,2026-08-04 03:24:59.500000
16657395,Uchechukwu Ajuzieogu,1972.7,2026-08-04 08:04:14.106000
16659776,Ben Hamilton,1969.7,2026-08-04 20:08:34.473000
16662121,Indar Karhana,1966.2,2026-08-05 03:22:43.276000
16641138,Bharath Varma,1965.8,2026-08-05 01:27:12.026000
16662896,Adrian Dubois,1964.1,2026-08-05 03:10:39.163000
16641751,Hikari_30,1959.8,2026-08-03 04:54:23.416000
16661019,lmq,1955.6,2026-08-04 14:47:23.910000
16622835,Max Manushin,1954.8,2026-08-02 21:38:11.436000
16642579,Desyat IO,1954.5,2026-08-04 22:22:34.736000
16655296,peeta pit,1952.4,2026-08-04 04:26:33.750000
16635159,Abdulsamad,1950.8,2026-08-04 08:57:09.580000
16657861,Liao Zixu,1947.4,2026-08-05 00:50:38.430000
16627472,CloverFarm,1945.0,2026-08-03 10:40:16.290000
16628727,dominyellow,1943.2,2026-08-04 11:44:21.143000
16638375,Tran H Hoang,1937.2,2026-08-04 13:13:03.970000
16623592,Jack,1930.2,2026-08-02 21:00:20.486000
16621590,Yaroslav,1929.8,2026-08-05 01:08:25.316000
16661229,Gena,1927.2,2026-08-04 15:18:42.920000
16657989,vishnu gopal P,1917.9,2026-08-04 12:09:35.956000
16640785,syouya tobita,1915.4,2026-08-05 01:23:13.436000
16658384,Claudesewitz,1911.0,2026-08-05 05:14:21.733000
16623298,Mikhail_Komkin,1908.6,2026-08-02 20:14:28.756000
16644185,Mimic Mohsin,1905.1,2026-08-02 18:38:46.450000
16664761,Udit Jain #2,1901.7,2026-08-05 04:19:59.496000
16621294,dpquoc,1900.9,2026-08-03 04:42:52.003000
16660046,Ikki Katsuyama,1894.6,2026-08-04 15:03:46.250000
16656399,CROW,1889.2,2026-08-05 01:49:44.863000
16633688,Ryo,1887.8,2026-08-03 18:45:27
16656118,Mutte1904,1877.7,2026-08-05 03:37:14.730000
16635067,Berat Egemen Gök,1870.3,2026-08-04 18:19:37.410000
16662161,Touhidul Alam Seyam,1866.9,2026-08-04 19:16:47.500000
16655766,Locked In CS Kids,1863.8,2026-08-05 01:27:59.746000
16657817,rohith sai midigudla,1860.2,2026-08-04 18:59:54.186000
16644390,Manan Gupta,1859.5,2026-08-05 03:48:44.686000
16630015,webcainiao,1853.6,2026-08-05 01:35:13.890000
16624088,Pomiro,1852.7,2026-08-04 11:13:18.863000
16627194,GzmCR632,1850.8,2026-08-05 02:07:14.983000
16659435,Zerabyte_X,1850.3,2026-08-04 09:52:16.896000
16658562,mashBrian254,1839.0,2026-08-04 10:48:33.156000
16656931,premsivasai ,1834.8,2026-08-05 01:30:53.180000
16655396,Tesla1AC,1834.5,2026-08-05 01:26:10.090000
16654715,Aqib Raza,1832.1,2026-08-03 19:37:30.586000
16663929,Erman Man,1831.8,2026-08-05 04:38:02.896000
16635745,João Victor,1831.8,2026-08-05 03:23:37.650000
16631016,木下陽平,1831.0,2026-08-04 14:59:35.990000
16624571,Baidalin Adilzhan [dsml.kz],1829.9,2026-08-03 05:51:36.433000
16655596,Bela,1828.9,2026-08-04 01:18:06.290000
16657294,Ragul M,1826.8,2026-08-04 07:08:51.180000
16660853,lxh unbound,1825.6,2026-08-05 00:02:02.726000
16623798,RuiKimura4,1824.7,2026-08-05 05:01:14.610000
16632240,Deepseek的恩情还不完,1823.2,2026-08-02 17:23:11.440000
16654585,David Pedersen,1815.6,2026-08-05 03:16:39.423000
16623458,datnt114,1809.8,2026-08-04 14:59:56.656000
16652339,Mohamed Amine Rebhi,1807.5,2026-08-03 16:03:07.483000
16623812,SeshuRaju 🧘‍♂️,1805.8,2026-08-05 04:50:55.840000
16654158,Md. Hamid Hosen,1805.7,2026-08-05 02:06:32.923000
16659215,Zhizhou Sha,1798.1,2026-08-05 00:01:59.253000
16658038,Khanh,1797.7,2026-08-05 02:30:38.496000
16657774,SepWar,1791.7,2026-08-04 07:17:42.330000
16654419,kreiack,1785.8,2026-08-05 02:58:07.230000
16635314,Aurora wy,1779.7,2026-08-05 04:59:27.793000
16663175,Anaconda,1778.3,2026-08-05 02:47:22.340000
16657628,Hamo,1778.3,2026-08-04 20:33:31.886000
16652741,Sergi Bas,1778.0,2026-08-04 12:06:18.453000
16655559,Fajri Yanuar Shiddiq Juanda,1776.7,2026-08-04 06:49:55.590000
16622034,Aryan Yadav,1773.9,2026-08-04 17:49:01.393000
16621709,smlcr,1773.7,2026-08-04 19:35:19.660000
16642570,Mathurin Ache,1772.2,2026-08-04 13:17:09.620000
16630323,kaggricultureomnidimensionalut,1770.5,2026-08-04 12:47:42.986000
16655294,Mobzya,1768.1,2026-08-04 21:27:13.033000
16630312,beijijun,1766.0,2026-08-02 23:48:32.933000
16638557,Araik Tamazian,1760.0,2026-08-04 07:39:16.736000
16623485,XtraLearning,1756.3,2026-08-05 02:09:44.623000
16661670,sansm1,1751.7,2026-08-04 16:54:59.090000
16623990,senkin13,1750.2,2026-08-05 02:28:41.810000
16656444,christopher athans crow,1747.8,2026-08-05 00:08:13.976000
16623020,Muhandro,1742.9,2026-08-02 21:16:30.406000
16640540,QYQ1693,1742.7,2026-08-05 03:53:20.510000
16652175,Lucas Boesen,1741.9,2026-08-04 09:01:56.420000
16655076,Tita Kongolo,1739.1,2026-08-04 17:38:53.056000
16639155,Arturo Gutiérrez Aguilar,1738.8,2026-08-04 16:08:19.040000
16654403,Skibidi Six Seven,1738.4,2026-08-05 02:14:52.563000
16637973,StephenNedumpally,1735.9,2026-08-03 15:05:50.640000
16643095,ckyasb,1734.3,2026-08-03 13:53:04.323000
16642154,Burkina_team_mate,1732.5,2026-08-03 16:53:51.280000
16629983,Amundsen,1728.8,2026-08-04 17:20:32.953000
16659883,Ahmad Hfdx5,1723.4,2026-08-05 03:33:48.863000
16664400,Boruiyang21,1720.3,2026-08-05 04:50:13.486000
16656171,ishu,1718.8,2026-08-04 03:27:45.656000
16651088,ych~sun,1718.7,2026-08-04 09:20:10.503000
16659676,Light,1715.5,2026-08-05 03:07:39.380000
16655379,Ikeda0516,1711.8,2026-08-04 11:06:50.686000
16644882,SAMOILOV MIKHAIL,1710.0,2026-08-03 02:10:04.473000
16624934,Haramball forever!,1699.6,2026-08-04 15:26:51.586000
16652451,JackGong,1697.6,2026-08-03 11:32:11.706000
16659555,Joseph Adamski,1697.4,2026-08-05 00:06:39.090000
16655693,DePie,1694.4,2026-08-04 07:54:31.070000
16644566,Guangjian Dong,1693.0,2026-08-02 23:59:18.960000
16633709,kitory Yeah やきとり,1692.5,2026-08-04 22:48:27.900000
16653262,tianwen zhang1,1691.3,2026-08-05 03:22:43.660000
16634654,unknown,1684.5,2026-08-05 04:05:32.160000
16629699,radiant-allomancer,1678.1,2026-08-03 03:43:17.430000
16658852,Chhaya Awasthi,1673.2,2026-08-04 09:37:05.463000
16640388,SANNNNN,1669.0,2026-08-03 18:41:38.786000
16647192,Sailor Ren,1668.6,2026-08-05 03:29:40.370000
16656296,Fususu,1668.2,2026-08-04 04:02:59.710000
16631752,Junichiro Morita,1667.0,2026-08-04 15:05:08.620000
16625856,takai380,1665.4,2026-08-03 04:36:29.050000
16655190,Will Rice,1649.8,2026-08-04 21:57:09.983000
16633083,bsenst,1648.0,2026-08-03 06:35:30.496000
16656990,NALLA SUMANG,1647.0,2026-08-04 06:22:22.456000
16651052,lty,1644.4,2026-08-05 02:25:20.710000
16657957,Mounika Kommireddy,1640.0,2026-08-04 17:01:23.183000
16650018,EiMengLove,1634.9,2026-08-05 03:19:51.256000
16654235,Mwanza Wambua,1629.4,2026-08-04 09:35:14.746000
16639241,Alissa King,1626.5,2026-08-04 05:05:30.153000
16658801,Thuc Nguyen Dang 111,1622.3,2026-08-05 03:45:39.056000
16660152,LIH.YUN,1611.6,2026-08-04 14:11:44.600000
16633341,Hak,1609.7,2026-08-05 00:01:15.176000
16641489,suminshim,1589.8,2026-08-03 06:24:39.013000
16651792,LX,1589.8,2026-08-03 10:56:50.793000
16651613,Devin Zhou,1580.8,2026-08-05 02:27:36.856000
16641169,boatlee,1579.2,2026-08-05 05:19:46.920000
16624651,Zihao Zeng,1573.4,2026-08-03 00:46:30.576000
16632138,kaggle_bbgg,1567.8,2026-08-04 15:01:37.520000
16659972,Pelamovic ,1564.5,2026-08-04 16:12:45.660000
16655877,Harish K,1560.7,2026-08-04 17:46:26.500000
16656337,Prashant Kikani,1553.8,2026-08-04 04:03:37.696000
16628664,Anton Tikhonov,1553.8,2026-08-04 21:50:27.266000
16635029,Oleg Melnik,1552.2,2026-08-04 18:01:52.330000
16651257,PursueML,1544.9,2026-08-03 09:34:56.950000
16637519,Temprao,1543.3,2026-08-03 12:16:43.746000
16654122,Peter Thompson,1541.3,2026-08-05 01:42:16.683000
16660091,bcTiann,1532.9,2026-08-05 05:08:55.860000
16622032,Raunak Dey,1531.6,2026-08-04 11:43:39.026000
16663264,Adarsh,1529.5,2026-08-04 20:21:47.513000
16624645,MistaHobbist,1526.0,2026-08-03 01:22:09.146000
16633808,mmath2,1522.9,2026-08-05 03:01:16.676000
16638804,Anhad Mahajan,1521.8,2026-08-04 11:51:54.186000
16622937,Sheep 🐑,1518.6,2026-08-02 12:12:36.923000
16621075,Octavi Grau,1518.6,2026-08-04 10:18:58.936000
16651804,Bocen Li,1515.0,2026-08-04 06:24:05.296000
16661899,AAI,1510.6,2026-08-04 21:00:57.390000
16632006,Adwait Tagalpallewar,1502.0,2026-08-03 16:29:09.736000
16623988,Charismatic Pizza Party🍕,1502.0,2026-08-04 11:46:57.266000
16652827,Rob C,1498.3,2026-08-04 07:25:20.986000
16633790,curiosity,1493.6,2026-08-05 05:19:35.600000
16653093,willam wu,1492.6,2026-08-03 15:03:01.746000
16630797,"Seok, Jeongeum",1491.1,2026-08-04 12:23:19.680000
16646679,tong00,1485.1,2026-08-05 05:05:26.230000
16660215,Mazga,1482.4,2026-08-05 04:28:31.760000
16644160,Saravana Rajan B,1479.2,2026-08-03 05:14:00.260000
16626093,Pilkwang Kim,1477.3,2026-08-05 02:32:21.173000
16651331,Mohamed Saeed,1475.8,2026-08-04 18:29:50.836000
16662940,The Coder Geek Squad Leader,1472.6,2026-08-04 18:42:06.596000
16633096,anvai_agents,1470.4,2026-08-04 17:59:27.476000
16644565,Suda,1457.1,2026-08-04 17:21:42.516000
16643554,Arnie Jimenez,1456.3,2026-08-04 15:00:21.073000
16651180,yangyefd,1455.8,2026-08-03 08:42:57.403000
16639570,Vishesh Banna,1452.6,2026-08-04 05:37:32.453000
16622939,Kamal Das,1452.4,2026-08-04 18:51:55.493000
16663214,Mathieu W,1444.4,2026-08-04 19:32:58.210000
16657316,Jason xu sk,1443.7,2026-08-05 04:00:50.540000
16631261,Monster,1436.5,2026-08-04 15:46:32.796000
16631536,kglctf,1433.7,2026-08-05 03:04:05.430000
16661376,YERMES AMINE,1427.0,2026-08-04 14:13:45.306000
16658261,Manan Khanna,1409.3,2026-08-04 07:41:27.943000
16625082,真的懒,1406.1,2026-08-03 09:47:50.116000
16649313,Jiajun HAN,1394.2,2026-08-04 12:20:49.816000
16623745,chunluran,1393.1,2026-08-05 04:36:08.413000
16632686,strike,1387.5,2026-08-05 04:50:47.256000
16637597,venks,1381.9,2026-08-02 03:23:29.076000
16655519,CurveCowboy,1381.2,2026-08-05 01:31:22.320000
16624309,jjamppongmandu,1379.8,2026-08-05 05:15:15.063000
16653958,seowoohyeon,1375.8,2026-08-04 17:18:47.066000
16632201,neurlog,1375.3,2026-08-02 17:54:37.103000
16632097,PavelLiashkov,1370.8,2026-08-04 12:32:38.176000
16622330,hiroshi murakami,1367.7,2026-08-04 08:56:51.816000
16639520,Cary Jin,1364.7,2026-08-04 20:43:25.476000
16655582,Yang Jinneng,1362.5,2026-08-04 01:07:27.923000
16662176,jorge fabian avila,1361.4,2026-08-04 16:32:07.033000
16623389,Mominul Islam Hemal,1355.3,2026-08-02 11:23:03.200000
16634022,Cihan Atak,1352.6,2026-08-02 16:00:43.380000
16622760,yunus_bayram_kagle,1352.1,2026-08-04 07:49:00.510000
16651833,Hồ Khánh Duy,1345.2,2026-08-04 09:48:39.330000
16655187,cmxu,1338.2,2026-08-04 19:44:20.133000
16622487,Sam kramer_1028,1336.6,2026-08-03 10:12:17.183000
16649994,Tanaka Ai24,1336.5,2026-08-04 05:45:30.470000
16643922,Konstantin03,1336.4,2026-08-03 12:21:40.796000
16622312,Malak Reda,1335.4,2026-08-03 09:02:41.506000
16626272,ömer kiraz,1333.8,2026-08-04 20:35:48.156000
16623749,Tejas,1330.6,2026-08-03 11:08:10.116000
16664300,swajay nandanwade,1322.4,2026-08-05 04:57:10.300000
16653122,Wei_Chance,1321.9,2026-08-04 05:49:44.626000
16652986,Justin Kimlim,1316.6,2026-08-04 21:24:01.876000
16631421,cg,1316.0,2026-08-05 03:02:36.293000
16624600,ariacat,1315.1,2026-08-04 08:12:46.770000
16630689,yw8837,1311.0,2026-08-04 16:14:59.510000
16643319,Jules,1306.2,2026-08-02 16:31:37.740000
16663603,xsong2020,1305.3,2026-08-04 22:36:48.680000
16633340,Tim Zagrebelny,1300.1,2026-08-03 08:53:09.096000
16663096,Agola_dasacic,1296.3,2026-08-04 20:07:50.856000
16632172,Ayodeji,1286.9,2026-08-03 08:31:26.083000
16636954,Jeff Horon,1277.8,2026-08-01 21:38:56.646000
16633133,Hole Neckles,1277.2,2026-08-02 10:32:28.853000
16641710,yjshyfy,1272.5,2026-08-03 08:53:00.763000
16660819,nya654nya,1266.8,2026-08-04 17:36:39.463000
16636094,Hax2456,1264.5,2026-08-02 07:30:00.623000
16639732,Junbeom Lee23,1264.5,2026-08-03 12:13:44.200000
16651695,Koushik Rudra,1261.0,2026-08-04 13:46:16.603000
16636536,tetsu2131,1250.9,2026-08-04 15:12:06.863000
16654946,AliLucky,1245.9,2026-08-04 05:25:29.560000
16645078,A Aswanth Raj,1244.5,2026-08-03 04:12:26.393000
16631090,yoikoarmor,1244.1,2026-08-03 12:12:22.210000
16622015,Ioannis M,1241.4,2026-08-02 08:21:20.776000
16632788,Bright O.H.,1237.4,2026-08-03 05:07:48.933000
16622242,Robert Koval,1235.7,2026-08-04 10:48:46.200000
16654881,Freddy,1235.3,2026-08-04 04:51:58.210000
16639330,Dead Signal Works,1235.1,2026-08-02 12:40:32.430000
16639471,CaminoLSY,1232.9,2026-08-05 01:22:09.916000
16660555,Nguyễn Nhật Thanh,1231.1,2026-08-05 04:49:31.350000
16634765,democatXamer,1231.0,2026-08-04 20:40:16.990000
16639230,Rylan,1231.0,2026-08-02 07:39:14.313000
16639280,Faruk Çiftler,1229.6,2026-08-05 03:25:21.270000
16637797,Xiangchen Li,1228.9,2026-08-04 09:47:59.430000
16634036,Emanuel Lázaro,1227.2,2026-08-02 14:55:30.663000
16632571,nishchal jain,1224.9,2026-08-03 07:27:14.326000
16635363,aurax7,1222.6,2026-08-03 15:30:23.436000
16645203,easonyanyan,1219.7,2026-08-05 05:04:09.533000
16634426,Ertuğrul Özer,1219.0,2026-08-01 23:46:01.050000
16639583,typeIIIfairy,1210.5,2026-08-03 20:05:24.283000
16623128,AdamJonesJohnson,1209.0,2026-08-01 14:14:03.623000
16624485,Nishant Dahal,1207.7,2026-08-04 15:02:10.600000
16630825,Shuhan Yang,1205.5,2026-08-03 16:29:38.323000
16643692,Samsay24,1203.4,2026-08-02 17:22:45.100000
16640811,cyberia,1199.6,2026-08-02 09:12:23.813000
16640869,taijunhao,1198.2,2026-08-04 11:10:34.613000
16636105,Md. Mehedi Hasan,1194.7,2026-08-01 14:03:03.773000
16630111,jannchie,1193.4,2026-08-04 19:09:17.336000
16639719,JASONSLIMWONG,1179.3,2026-08-02 08:11:22.086000
16640877,Yorix.um,1178.6,2026-08-02 13:31:28.440000
16623897,satoooh,1176.8,2026-08-02 00:21:41.780000
16632231,Samrish B,1168.5,2026-08-01 13:57:20.900000
16622940,Enrico Ambrosio,1164.6,2026-08-04 13:22:04.366000
16663767,Tommy Mancino,1159.5,2026-08-05 03:21:51.903000
16632327,midnq,1158.0,2026-08-02 03:38:02.770000
16655588,The Devil's World 678,1157.5,2026-08-04 09:13:10.793000
16636079,Pawan Rama Mali,1156.4,2026-08-01 12:47:39.840000
16637919,NoOneAhead,1155.7,2026-08-01 15:38:39.906000
16639473,Jeff Borschowa,1152.7,2026-08-02 00:39:11.986000
16646360,Asrith Singampalli,1150.7,2026-08-03 08:46:59.353000
16626191,kevin park,1146.9,2026-08-02 15:58:50.586000
16623400,Less,1132.5,2026-08-02 01:32:24.846000
16663229,kakuteki,1132.3,2026-08-05 00:49:37.726000
16634650,UnfriendlyAI,1130.0,2026-08-04 03:50:36
16623577,Jiayi Tang,1129.4,2026-08-01 18:10:04.930000
16638551,SC,1128.0,2026-08-01 17:02:17.960000
16663078,Isabella Wu,1127.6,2026-08-04 19:36:20.796000
16658048,Joel jaison 391,1126.4,2026-08-05 02:31:57.206000
16625339,kazusw,1124.1,2026-08-04 11:59:49.540000
16635680,starclan,1123.7,2026-08-03 16:27:33.050000
16639244,Romone Dunlop,1119.2,2026-08-02 05:04:51.723000
16660537,Furina,1111.4,2026-08-04 14:39:37.503000
16630984,TakamaruEX,1109.7,2026-08-04 22:17:00.533000
16632119,nickyl,1104.8,2026-08-04 14:25:22.286000
16639567,YassY_The_AlchemYst,1104.0,2026-08-04 19:11:42.903000
16635418,ocean240812,1101.3,2026-08-04 15:23:41.843000
16658287,ArturoSirvent,1099.1,2026-08-04 22:22:28.693000
16657637,Ronnie Atuhaire,1094.2,2026-08-04 14:42:04.526000
16640368,Nkosi Ndwandwe,1086.4,2026-08-05 05:15:07.123000
16664518,senxichong,1085.6,2026-08-05 05:06:07.540000
16637489,Gopal Krishna Gundumalla,1083.7,2026-08-02 12:39:17.873000
16622367,mg,1083.1,2026-08-04 20:19:28.283000
16643233,Marco DG,1082.4,2026-08-05 05:05:35.280000
16636725,shichi,1081.0,2026-08-03 01:58:00.046000
16623236,Yonatan Nemtsov,1080.5,2026-08-02 23:41:01.416000
16624969,tf,1071.4,2026-08-02 14:13:48.746000
16621500,Egor Tkachenko,1071.1,2026-08-04 16:13:54.076000
16632536,Aleksander Sachuk,1070.7,2026-08-02 21:33:27.833000
16635890,Poojan,1064.9,2026-08-04 08:49:35.200000
16639973,akky,1064.6,2026-08-03 15:39:41.850000
16634876,MakiMakiAi,1049.5,2026-08-02 07:52:40.296000
16659565,Tekin24,1046.9,2026-08-04 17:05:45.303000
16632783,chocolat,1045.2,2026-07-31 22:30:44.506000
16654271,Sophie,1040.5,2026-08-04 14:47:26.526000
16663515,HamsterSashka,1038.6,2026-08-05 02:40:53.096000
16634172,Mario Cicala,1037.9,2026-08-02 11:01:58.520000
16648215,Terrence Chuwe,1036.2,2026-08-03 13:32:15.140000
16634149,Hozuma ITOBAYASHI,1035.1,2026-08-04 17:39:40.736000
16623920,Kazuta MIZUTA,1033.8,2026-08-05 00:39:05.303000
16633269,op_star_platinum,1029.3,2026-08-05 04:44:06.646000
16663361,protoLabs.studio,1029.1,2026-08-05 03:52:17.606000
16656501,Thái Phạm Công,1017.6,2026-08-05 03:59:47.003000
16638667,Sarvesh Nikas,1017.0,2026-08-04 10:32:56.866000
16663273,Mason Frias,1015.5,2026-08-05 03:31:14.673000
16633850,Pascal,1014.6,2026-08-05 02:06:29.060000
16629685,mikelou1,1009.4,2026-08-01 07:20:06.803000
16630519,Mehmet Özer,1007.2,2026-08-01 16:51:55.933000
16630741,mrk,1006.0,2026-08-05 00:03:44.793000
16657397,QSS Technosoft AI Team,1004.3,2026-08-05 04:33:35.890000
16659679,Civitasmass,1004.0,2026-08-04 17:08:57.550000
16633175,Umut Kıvanç Sipahioğlu,1004.0,2026-08-04 15:51:56.043000
16630752,motemen,1001.5,2026-08-05 04:58:37.346000
16623616,nasubiman,999.7,2026-08-01 16:20:44.403000
16655150,Benjamin H Pepper,999.2,2026-08-05 00:31:03.033000
16637340,the_vinci_coder,998.8,2026-08-03 16:27:16.970000
16655013,Adrian Martinez 1111,996.5,2026-08-04 23:53:43.693000
16656013,Asuran,995.3,2026-08-05 01:24:31.856000
16632950,Adil Khabibullin,995.0,2026-08-04 15:54:11.386000
16626979,An,994.0,2026-08-01 10:01:41.770000
16642846,Leonid Zaporozhets,993.7,2026-08-02 20:03:13.750000
16623390,KodamaSec Labs LTD,993.6,2026-08-05 02:43:53.363000
16633100,Emile Andrieu,989.7,2026-08-04 15:26:52.810000
16661665,Leonardo Viola10,988.2,2026-08-04 21:16:05.103000
16635668,Mirza Yasir Abdullah Baig,987.0,2026-08-01 10:46:16.350000
16635818,F.A.Nina,986.7,2026-08-01 11:22:17.270000
16637898,Marek Nurzynski,984.0,2026-08-01 16:06:46.973000
16642662,CdeTilly,982.6,2026-08-03 14:11:05.320000
16632426,Santhana,974.9,2026-08-02 07:49:34.573000
16653927,Fernando GH H,973.1,2026-08-05 03:15:36.740000
16624003,weedfarmer,972.8,2026-08-03 23:13:26.470000
16633772,ayuma,971.9,2026-08-03 06:01:01.283000
16635872,Evgeniya Dmitrieva,971.3,2026-08-01 11:48:30.860000
16634493,xixi,970.8,2026-08-01 09:51:45.530000
16635421,Lennart Haupts,969.1,2026-08-01 10:13:08.026000
16623645,ayutin tin,964.5,2026-08-02 08:03:39.013000
16659328,Muhammed Ashiq Abdul Khader,963.8,2026-08-04 12:16:11.460000
16623555,yindujuxi,963.7,2026-08-01 10:11:35.920000
16633923,JackyFan123,960.6,2026-08-01 15:22:04.656000
16632224,yamakawanin,960.5,2026-08-01 07:02:58.986000
16636454,epigene,959.2,2026-08-02 10:14:52.050000
16635504,Datta Dhebe,956.9,2026-08-04 16:40:07.266000
16658602,aldoktvns,956.5,2026-08-04 15:51:08.806000
16641130,LitvinKA,955.2,2026-08-04 18:09:01.483000
16635004,jacob OKOTH O,954.7,2026-08-02 05:57:05.806000
16657796,parv goyal2,953.3,2026-08-04 20:47:21.516000
16657419,Saivedant Hava,949.9,2026-08-05 03:16:06.613000
16663313,onlysmrtsumx,948.8,2026-08-05 04:16:14.010000
16635796,MugaBros,947.5,2026-08-04 05:27:02.113000
16634824,yuki16,947.4,2026-08-01 06:41:38.060000
16629308,Sutee,942.9,2026-08-05 02:26:05.066000
16640816,pawaraman,942.5,2026-08-02 19:46:52.343000
16632620,this is lsm,940.3,2026-08-03 05:54:45.940000
16630711,Aleks Lviv,939.2,2026-08-03 18:57:05.936000
16639492,Vishnu R Mohan,934.9,2026-08-05 04:54:26.703000
16657610,H Bharath,933.3,2026-08-04 22:45:50.596000
16653129,Prashanth Reddy Biyyani,933.0,2026-08-05 02:43:44.650000
16623697,yuto083,932.8,2026-08-04 07:21:50.790000
16635670,Mr.S hanakosan,932.1,2026-08-05 01:26:05.036000
16645705,wataru420,929.5,2026-08-05 02:13:18.176000
16623886,onepunch999,929.2,2026-08-01 07:30:37.890000
16624277,D S S Kumar,928.7,2026-08-04 17:41:28.863000
16656691,Sahaj Deep Singh,928.7,2026-08-04 06:12:19.363000
16631573,uesi,928.6,2026-08-01 12:04:04.583000
16656514,Praveen,928.5,2026-08-04 22:44:45.326000
16641348,wata,926.8,2026-08-03 11:29:04.540000
16645712,Changye Li,925.9,2026-08-04 02:08:15.886000
16633928,ghostiee11,919.8,2026-08-01 01:33:25.866000
16658043,Tran Huy Hoang1312,912.6,2026-08-05 01:58:39.273000
16655497,cszf_first,911.5,2026-08-05 03:02:14.400000
16655530,AlivRick,911.1,2026-08-05 05:13:02.800000
16641068,Rahul Ray,907.6,2026-08-04 19:17:19.650000
16661509,FeedMeSeymour,907.1,2026-08-05 02:25:36.116000
16622965,Beisenbek Nurassyl [DSMLKZ],903.3,2026-07-31 21:17:50.443000
16623488,Kevin E R MILLE,903.2,2026-08-02 01:45:26.690000
16629972,forever young,902.2,2026-08-01 09:30:12.300000
16657570,Guruprasad Parasnis,901.6,2026-08-05 04:40:38.816000
16629844,IsaacJinyu,897.2,2026-08-01 15:39:55.630000
16630559,khan,896.0,2026-08-02 12:18:56.306000
16656379,Jay Gautam,893.3,2026-08-04 22:37:47.433000
16654456,Tristan Peng,892.5,2026-08-04 12:57:19.410000
16655340,LGarcia10,889.8,2026-08-05 03:29:01.543000
16631353,Shivam Shinde,889.5,2026-08-01 15:29:24.336000
16662949,Will English,888.0,2026-08-04 21:10:24.773000
16655449,tcvieira,883.2,2026-08-04 13:44:02.006000
16639223,SIDHAARTH SHREE,882.9,2026-08-04 22:49:19.010000
16626732,islet,881.4,2026-08-05 03:56:18.230000
16658081,ando,879.2,2026-08-04 12:35:46.026000
16655603,Veeranuch Leelalai,878.2,2026-08-05 03:51:49.466000
16631400,JZ,878.1,2026-08-05 00:23:27.673000
16631215,Hira Norm,877.7,2026-08-04 13:16:35.833000
16659771,Przemysław Stroiwąs,877.2,2026-08-05 04:55:38.253000
16633276,Nolan Liang,877.0,2026-08-04 17:55:16.470000
16663437,inversion,876.4,2026-08-04 20:44:41.790000
16633950,Matt Motoki,870.8,2026-08-01 16:42:24.253000
16659123,sd,867.7,2026-08-05 05:00:46.266000
16627906,Tergel Munkhbat,866.2,2026-08-05 03:32:18.426000
16654995,Artem Voronov,866.1,2026-08-05 05:17:38.266000
16625050,`,865.9,2026-08-03 05:53:43.440000
16632266,(ノ◡ <),865.0,2026-08-04 12:27:27.836000
16655339,harmo-miu,861.7,2026-08-05 04:57:10.666000
16630501,Haris Ahmed,860.7,2026-08-04 11:56:53.436000
16654746,Michael Mullen,858.6,2026-08-05 01:39:22.746000
16657877,zigiella,854.8,2026-08-04 17:39:41.220000
16655044,Darius Kolycius,854.7,2026-08-04 09:49:01.200000
16634156,Hiroyasu Okuno,854.6,2026-08-01 15:06:25.683000
16654351,Manish Kumar,854.0,2026-08-04 07:45:22.596000
16658686,Alpesh Kumar,852.9,2026-08-04 17:09:39.520000
16659341,Aryan88097,848.6,2026-08-04 19:43:19.906000
16644145,Mehdi Azouz,847.9,2026-08-04 16:21:29.266000
16638031,vlad101,845.8,2026-08-02 15:11:07.756000
16657871,Lucienne,844.2,2026-08-05 03:13:59.190000
16624888,okome_niigata,843.2,2026-08-04 04:18:43.816000
16657576,SUBHASH B,839.8,2026-08-05 04:26:29.120000
16646318,Kaminoko,839.7,2026-08-04 05:32:13.713000
16658937,SebastianQbiak,839.2,2026-08-04 12:35:58.380000
16660209,Whyme Labs,838.9,2026-08-04 17:41:31.280000
16664154,dwdwdwsdedwd,838.5,2026-08-05 05:18:17.796000
16632994,primal,837.5,2026-08-02 19:16:21.803000
16661210,vizyourdata,833.1,2026-08-05 00:40:13.153000
16633043,Ryan Adams,832.4,2026-08-05 01:22:54.573000
16621811,Shaun Andrade,831.8,2026-08-01 00:44:42.030000
16623644,Accer_sz,831.7,2026-08-02 00:27:32.803000
16635317,KAKA Minishijie,831.3,2026-08-03 09:29:14.343000
16635145,Isaac Menard,826.6,2026-08-01 08:37:47.976000
16657100,Jacky Chan,826.2,2026-08-05 04:50:52.913000
16640394,MOHAMMADJAFAR ZAMANI,826.0,2026-08-05 04:13:48.836000
16656659,James Y,825.8,2026-08-05 04:13:54.933000
16660805,Ramon van Dijk,825.7,2026-08-04 20:08:48.533000
16623309,zyvren,824.0,2026-08-04 23:46:03.153000
16655521,Hemadri Rajyaguru,821.6,2026-08-04 02:12:55.330000
16660548,Viraj Bakshi,818.9,2026-08-04 20:44:05.740000
16655311,Plant City Planter,818.6,2026-08-05 00:32:09.043000
16656912,Sami Ali,817.5,2026-08-05 02:50:24.373000
16632510,shi_koyo,817.3,2026-08-04 08:58:56.456000
16655610,GPTatoes,815.3,2026-08-04 13:33:49.823000
16640472,Vsevolod Rakita,814.6,2026-08-04 09:07:58.646000
16632612,Farmville,812.9,2026-08-03 13:39:28.440000
16650160,nori8774,812.4,2026-08-05 04:07:32.160000
16634204,m-toshi desu,811.5,2026-08-01 06:20:37.783000
16622338,github/shepsci/kaggle-skill,811.5,2026-08-03 18:50:18.243000
16659890,Cu Spoon,810.0,2026-08-04 20:06:50.953000
16626839,Roman Rozen,808.1,2026-08-01 18:15:25.903000
16660310,KOLONEX.NET,808.0,2026-08-04 16:57:47.356000
16625047,BOBQWERA,807.8,2026-08-02 06:34:18.353000
16640058,Justin CH123,807.5,2026-08-05 01:41:28.090000
16621153,Addison Howard (ineligible),804.9,2026-08-03 17:03:27.786000
16632743,Krizsó Gergely,803.5,2026-08-02 19:54:08.690000
16633379,Artem Prokhorov,802.7,2026-07-31 20:53:32.066000
16659529,Sanchit Jain,800.5,2026-08-04 20:43:55.803000
16639550,HIDEYO CHIBA,800.1,2026-08-05 00:01:46.493000
16634246,just_calculate,798.3,2026-08-04 08:34:55.263000
16656690,Sushant Kumar (xWF),797.4,2026-08-05 05:28:00.760000
16632214,roomer,795.6,2026-08-04 11:00:33.450000
16659763,clarkzhang1031,794.3,2026-08-05 03:17:28.810000
16663403,Matthew Huang,790.7,2026-08-05 05:10:55.470000
16661607,choqui62,790.3,2026-08-04 17:04:46.853000
16659395,Dharun Prasanth S,788.9,2026-08-04 15:43:27.446000
16657105,Mathijs Deelen,788.2,2026-08-05 01:16:34.053000
16654890,Josh Hipps,787.9,2026-08-04 23:23:20.753000
16660477,SeaGoat,784.1,2026-08-04 17:27:57.813000
16658106,Devam juthani,783.6,2026-08-05 01:56:47.743000
16637649,cameronezrajones579,783.1,2026-08-04 03:34:06.016000
16652635,panacea9320,781.9,2026-08-05 01:54:16.463000
16659958,prathviraj palekar,781.2,2026-08-04 19:27:06.076000
16633179,infamemconculcemus,779.7,2026-08-04 15:28:33.030000
16655199,Alexander Ulrich,779.5,2026-08-05 01:29:46.150000
16654761,Mohammed Mukthar,778.6,2026-08-05 02:06:15.196000
16660119,Dhruva Das,778.1,2026-08-04 19:25:27.376000
16657016,MD. AS-AID RAHMAN,777.9,2026-08-05 04:08:40.656000
16622993,Yaroslav Tanko,775.5,2026-08-04 01:37:20.123000
16659412,yesterdays_rebel,774.7,2026-08-05 04:45:57.016000
16661066,André Kuster,773.8,2026-08-05 01:09:42.703000
16640845,tang yangzhou,773.4,2026-08-04 21:36:09.123000
16639565,yasu,773.3,2026-08-04 19:46:30.973000
16639577,Haitaks,772.3,2026-08-04 17:33:55.980000
16657172,Honkazu,771.9,2026-08-05 00:47:24.526000
16663252,MD Concepcion,770.1,2026-08-04 22:50:34.580000
16660345,Aadhithya Ramesh,768.8,2026-08-05 04:15:50.123000
16632504,[Deleted] c2f6c5d5-ecb1-4f92-95d7-7c9f0fd3474f,767.5,2026-07-31 16:04:32.576000
16633069,Nur Srijan,767.5,2026-08-04 19:23:14.833000
16653068,Shuichi Fushimi,766.5,2026-08-05 01:03:28.453000
16655272,Artur Sakhiullin,765.7,2026-08-05 00:01:47.956000
16655156,Pranjal Ranjan,765.1,2026-08-05 00:33:39.456000
16663591,Joseph Franck,764.8,2026-08-05 03:22:56.763000
16651672,Xiaolei Lian,764.4,2026-08-04 13:14:15.536000
16664041,an Expired Engineer,762.8,2026-08-05 03:28:21.636000
16660137,Densike,761.5,2026-08-04 20:04:53.953000
16639844,MaxChen303,761.1,2026-08-04 01:42:35.110000
16632735,"No Free Lunch, Only Melons",760.9,2026-07-31 18:46:54.596000
16663498,Braxton Dyer,760.6,2026-08-04 23:36:08.113000
16663708,Imran Ahamed,760.6,2026-08-05 05:22:28.173000
16659618,Jeevan Jolly,759.5,2026-08-04 14:20:27.216000
16623302,Raffi Ardhi Naufal,758.6,2026-07-31 18:31:57.070000
16623736,Garigariyong,758.5,2026-08-04 21:20:40.400000
16641183,Team Name Pending,757.6,2026-08-02 12:14:59.660000
16660005,DreamX5678,756.5,2026-08-05 02:10:16.693000
16622809,German Vdovin,755.4,2026-08-03 00:38:01.493000
16633222,maxingkong733,755.4,2026-08-02 13:34:30.803000
16655744,Ademola Arigbabuwo,752.6,2026-08-05 00:09:36.760000
16655426,engin_zhou,751.2,2026-08-05 02:18:19.526000
16660600,Beria Kalpelbe,750.7,2026-08-04 16:18:09.113000
16655128,Somasundar V,750.1,2026-08-04 23:02:54.193000
16658973,not today,748.9,2026-08-04 11:16:41.486000
16624625,Harsha Vardhan,748.5,2026-08-03 12:30:31.600000
16634316,Cao Tùng Lâm,744.2,2026-08-03 20:45:50.610000
16657807,Ragav Rida,743.6,2026-08-04 08:40:55.130000
16654791,Dev Rath,741.3,2026-08-04 12:40:37.960000
16659418,Fonge Bertin,741.2,2026-08-04 20:53:00.660000
16655305,Junior Sohou,740.8,2026-08-05 00:01:45.760000
16630249,Aymar Avohoueme,740.4,2026-08-01 20:38:57.196000
16660360,Joey Gonzales,739.4,2026-08-05 00:00:47.590000
16655629,Mai_Konare,738.9,2026-08-04 06:46:28.903000
16660220,tomo11111,737.5,2026-08-05 02:43:14.083000
16654855,Pedro Rezende Gomes,734.3,2026-08-05 02:13:15.386000
16658009,Lando Wang,732.4,2026-08-05 02:18:17.356000
16661898,Farfadet,732.0,2026-08-04 15:35:12.823000
16622938,Farmville Redux,731.3,2026-08-03 18:58:04.773000
16660850,Khoa Le,729.0,2026-08-04 23:14:51.006000
16662741,Abhiraj Govind,728.6,2026-08-04 18:01:16.006000
16632253,nasuuuuun,727.8,2026-08-04 13:30:11.350000
16621802,fgwiebfaoish,727.3,2026-07-30 23:38:52.083000
16664573,AdhithyaRokhith,724.5,2026-08-05 04:28:18.776000
16639043,saroj bono,724.5,2026-08-04 21:39:06.850000
16621354,pengshy,723.0,2026-08-03 02:44:12.920000
16661772,R3ddrag0n,722.9,2026-08-04 21:11:05.510000
16656883,KKonzyb,720.7,2026-08-04 13:32:41.843000
16638645,ChrisDavis,719.6,2026-08-03 23:29:34.546000
16660483,TIM,719.1,2026-08-05 03:22:31.340000
16631772,yuki,718.2,2026-08-03 17:39:58.706000
16660214,ytddsyt1214,718.0,2026-08-05 03:45:03.866000
16632777,Alexandrine Cakpo,717.8,2026-08-01 20:19:35.443000
16651167,ArmanVardanyan07,717.4,2026-08-03 22:43:13.333000
16659465,AravindLochan,717.0,2026-08-04 12:22:25.946000
16660251,Yagawa,714.6,2026-08-05 01:23:16.433000
16638177,stpete_ishii,714.6,2026-08-03 12:24:22.100000
16628487,Koichi HIRAOKA,713.3,2026-08-01 08:42:40.813000
16623746,Juyong,713.1,2026-08-05 01:14:18.736000
16659183,Leonard Yaw Mensah,712.7,2026-08-05 02:22:25.630000
16657601,Simon,711.1,2026-08-04 17:52:52.443000
16664266,Ian Chung,709.8,2026-08-05 05:25:31.676000
16658779,Richard G Atkinson,708.8,2026-08-05 00:29:59.170000
16635065,T88,708.2,2026-08-05 03:54:42.340000
16657265,Hemant Kumar,708.0,2026-08-04 17:03:42.393000
16658213,Ahmet Abdullah Gültekin,707.8,2026-08-04 09:15:18.376000
16625241,Mutoy Choi,707.4,2026-08-02 08:18:17.586000
16655072,Sonuaswar1,706.4,2026-08-04 07:33:47.446000
16656797,رحيم محمد,705.9,2026-08-04 20:05:45.693000
16630335,Solve Langseth,705.3,2026-08-04 21:26:06.840000
16658738,Aman,703.6,2026-08-04 14:39:37.806000
16644229,Amy Yuan,702.9,2026-08-04 12:46:45.070000
16658820,Jonathan Ashenaf1,702.6,2026-08-04 19:55:51.346000
16633173,Saulo Quiñones Góngora,701.2,2026-08-05 02:24:15.486000
16656072,Ian Apis,699.9,2026-08-05 04:16:46.816000
16661304,Jonathan Roy,699.6,2026-08-05 01:58:44.450000
16628456,kiro,699.2,2026-08-04 13:54:28.916000
16637031,and more,698.9,2026-08-05 00:32:45.913000
16654752,Agrofitting,698.2,2026-08-04 15:49:26.873000
16652750,Bahadir Selim Bakla ,696.8,2026-08-04 15:50:53.323000
16624941,KO Ho Tin,696.5,2026-08-04 06:43:31.140000
16637776,MarvelousXun,695.8,2026-08-03 09:33:38.056000
16640701,momoon,692.8,2026-08-03 00:40:54.353000
16660268,Sébastien Mametz (Pixs),692.4,2026-08-05 05:11:23.890000
16640399,Hubbahub,692.1,2026-08-04 20:40:39.970000
16662201,Saumitra Verma,692.1,2026-08-04 18:28:36.916000
16663766,Anup Gautam,691.9,2026-08-05 04:08:04.313000
16623646,Minal kharat123,691.4,2026-08-03 00:10:48.070000
16653222,StevenYuan7788,691.4,2026-08-05 02:16:11.046000
16655075,Félix Rodríguez Roble,690.6,2026-08-04 09:16:25.186000
16655140,Efthimios,690.2,2026-08-04 16:33:40.033000
16659261,PromptEngineer48,689.6,2026-08-04 16:44:46.486000
16662883,OceanMix,689.2,2026-08-05 00:01:37.350000
16659181,Hongjie04,688.7,2026-08-05 04:07:04.573000
16653809,acbabc123,687.9,2026-08-04 13:53:53.013000
16664267,Alan T. Andrea,687.8,2026-08-05 04:42:27.653000
16623712,Dapp,687.7,2026-08-03 23:09:19.563000
16639408,Invictus,687.4,2026-08-04 11:13:25.083000
16662103,Saravana Thiagarajan K,687.1,2026-08-04 21:40:31.923000
16634582,Tarun Chaudhary,686.2,2026-08-03 11:09:21.163000
16639867,vibecoder,684.1,2026-08-05 04:07:15.456000
16622420,RuiFSPinto,681.7,2026-08-04 19:18:32.260000
16654394,sserges,681.0,2026-08-04 14:41:36.633000
16645297,Mark_RowSet,680.3,2026-08-04 03:32:08.956000
16630315,janson,677.9,2026-07-31 10:47:42.556000
16658074,Qui Ngx,677.5,2026-08-05 05:27:50.140000
16657646,mountainbob,677.0,2026-08-05 05:19:59.286000
16664605,Nathaniel Shou,677.0,2026-08-05 04:45:55.590000
16656519,Chris Laska,676.3,2026-08-05 00:08:19.433000
16656871,Pedro Henrique,675.8,2026-08-05 03:30:22.873000
16658830,Farhat Pachisa,674.3,2026-08-05 04:04:38.236000
16631480,Kumar Abhijeet,672.6,2026-07-31 13:29:40.283000
16655600,VYSHAKH G NAIR,672.5,2026-08-04 21:31:24.673000
16659942,Abdoulaye DIAW,670.2,2026-08-04 15:47:14.790000
16645870,Barathan Aslan,669.5,2026-08-03 08:21:55.243000
16625216,Emre Can,669.4,2026-08-01 17:05:51.170000
16632368,Yuelin Bai,669.2,2026-08-03 08:15:12.253000
16664291,William Dennis,665.8,2026-08-05 04:41:10.470000
16634519,Darshan Makwana,664.7,2026-08-02 10:48:24.286000
16634790,Steven Lui,664.7,2026-08-03 12:22:08.880000
16655505,Debmalya,663.9,2026-08-04 16:11:43.266000
16660711,ricardo,663.8,2026-08-04 14:54:09.273000
16631919,Ghinwa Allaoui,663.0,2026-08-04 16:27:17.463000
16657794,Aromal vK,662.3,2026-08-05 03:06:45.793000
16644577,Arthur Merritt,661.5,2026-08-04 07:11:11.313000
16654267,maniginam,661.4,2026-08-05 01:11:46.886000
16664134,Pelayo Fernández,660.7,2026-08-05 01:27:06.463000
16661397,T. Scharf,660.6,2026-08-05 02:54:36.413000
16639800,Yong Ming-Jia,660.6,2026-08-04 05:31:06.676000
16635509,simmons1025,660.3,2026-08-02 15:15:19.616000
16632294,Rajan Nagarajan,659.2,2026-07-31 15:09:53.270000
16636973,Ali Ali G,658.8,2026-08-03 18:36:40.140000
16659951,CHRISTOPHER CRILLY,658.3,2026-08-04 15:54:13.690000
16664164,Elzandi Irfan Zikra,656.7,2026-08-05 05:17:46.313000
16662995,carlos mario de oro aguado,656.5,2026-08-04 22:25:29.403000
16656496,Vaibhav Gupta,656.0,2026-08-05 04:21:36.666000
16656689,Vansh Gupta,655.8,2026-08-04 07:59:44.836000
16621437,AdamBelniak,654.9,2026-08-03 18:15:21.813000
16646286,C Aravindhan,654.6,2026-08-04 05:03:22.963000
16632100,Mohit Shirke,650.2,2026-08-04 17:04:23.086000
16623399,Kendamarron,650.1,2026-07-31 09:12:48.956000
16623368,Evgeniy Veselkov,650.0,2026-08-04 22:47:51.650000
16627463,dnish,648.7,2026-08-04 05:00:37.056000
16645302,LuCcc,648.3,2026-08-03 09:45:35.610000
16662421,Aparna Mantha,647.8,2026-08-04 19:01:24.026000
16662681,Vernon Campbell,647.6,2026-08-05 01:16:00.626000
16658476,goksel yesiller,647.4,2026-08-04 11:07:53.350000
16632444,Issac “Izreal” Davis,646.5,2026-08-01 07:16:11.646000
16659896,TedT,646.2,2026-08-05 01:39:54.826000
16657528,Symekah Shadrack Basweti,645.9,2026-08-05 05:08:12.550000
16655142,Stanislav Kuznetsov,645.6,2026-08-04 20:40:39.420000
16664003,Nakul Rajpal,644.7,2026-08-05 02:20:13.196000
16624506,zhongtian,644.6,2026-08-05 03:55:49.410000
16654485,Mahbub Alam,644.4,2026-08-04 02:08:23.516000
16659645,Drakus_Julia,643.9,2026-08-04 17:50:08.850000
16623263,ASHML,643.8,2026-07-30 23:28:50.006000
16643453,Haumea,643.6,2026-08-04 13:04:13.453000
16661100,Muhammad Junaid,642.8,2026-08-04 16:29:18.580000
16657553,graceyunliu,642.2,2026-08-05 01:47:55.746000
16657798,Ian Kim,641.2,2026-08-04 20:56:37.990000
16661105,Vignesh Murugan,640.8,2026-08-04 19:57:46.393000
16662057,DeokJin,640.7,2026-08-05 04:01:38
16659813,Uday Kumar R,639.6,2026-08-05 04:48:05.470000
16640504,Recep Öztürk,639.0,2026-08-03 20:07:00.530000
16641009,Marius Kirschner,638.9,2026-08-03 08:41:47.150000
16623112,Tians12,638.8,2026-08-05 00:24:17.416000
16661443,STEPHEN ASANTE OPOKU,637.7,2026-08-04 16:45:41.583000
16654347,aarav maheshwari1,637.6,2026-08-05 01:48:28.200000
16640619,Sơn Nguyễn,637.3,2026-08-04 06:14:37.666000
16660255,Revanth Tambisetty,637.1,2026-08-05 05:12:59.080000
16637762,Greek olive oil,636.9,2026-08-03 11:42:07.493000
16630274,yutoAb,635.0,2026-08-02 11:30:48.473000
16659430,John Keith Weber,634.5,2026-08-05 00:35:54.260000
16635233,Szymon Kłapiński,634.5,2026-08-03 10:04:12.563000
16634060,Chí Thành Đỗ,634.2,2026-08-02 05:11:58.280000
16623198,Chris D'Mello (ineligible),632.3,2026-07-31 17:32:46.870000
16645426,Jun_value,631.4,2026-08-05 00:00:23.653000
16621523,Victor Orihuel,630.8,2026-08-01 08:13:05.830000
16638823,YDDDDDD999,630.0,2026-08-02 14:01:40.816000
16659610,gareeb,629.5,2026-08-04 22:24:54.150000
16621367,Numari,628.9,2026-07-31 16:30:01.320000
16655062,KrishnaKumarSelvam,628.9,2026-08-05 03:29:17.153000
16654068,Renoir Vieira,628.0,2026-08-04 01:40:43.416000
16660491,Ryan Hancock,627.8,2026-08-05 00:27:33.606000
16638967,Jenny Luo,627.2,2026-08-01 23:55:07.716000
16632157,福原 大知,624.8,2026-08-03 06:46:04.733000
16654704,mandgeee,624.3,2026-08-04 19:33:23.210000
16638883,LeiYang,624.0,2026-08-03 15:04:07.910000
16635746,jeon hyeon woo,623.6,2026-08-02 05:44:05.213000
16663267,Sravya Isukapatla,623.4,2026-08-04 20:20:36.893000
16650485,nasu726,623.3,2026-08-04 06:15:25.980000
16658627,Osman Can ÇETLENBİK,623.0,2026-08-04 12:40:21.873000
16621499,Alexandr Utkov,622.5,2026-08-01 00:21:43.080000
16633984,Mongkhon Hatit,620.9,2026-08-04 11:58:56.410000
16623824,zhangende02,620.8,2026-08-01 01:15:21.433000
16651593,huanxian chen,620.8,2026-08-05 04:26:53.080000
16655353,Pablo Montenegro,619.1,2026-08-04 20:59:16.306000
16660955,Nihal l.suvarna,617.3,2026-08-05 02:31:41.243000
16656460,dlutwzh,616.1,2026-08-04 15:06:27.536000
16659045,Rai1,615.9,2026-08-05 05:19:34.480000
16622820,Sergey Nefedov,614.6,2026-07-31 10:30:59.726000
16655255,MalelizarazoP,614.1,2026-08-04 03:19:51.073000
16648589,Yilan Zhu,613.9,2026-08-04 15:13:45.043000
16664368,Ujjwal Reddy,613.4,2026-08-05 04:49:36.846000
16661927,JHCodeQuest,612.5,2026-08-04 21:23:46.426000
16623271,William Morley,611.9,2026-07-31 10:09:16.313000
16630372,Q.qlmmm,611.6,2026-08-03 21:38:41.233000
16632105,shreyas sangalad,610.4,2026-08-02 12:01:08.230000
16654401,ChronoForensics,609.5,2026-08-04 17:04:33.343000
16631665,jatan sanghvi,608.3,2026-07-31 16:41:26.233000
16627324,NewJeans,608.2,2026-08-02 14:19:52.353000
16627009,c0sm1c,607.7,2026-08-01 11:06:14.576000
16623448,HoJoonYun,606.6,2026-08-03 03:14:35.223000
16654885,Jason Kong,606.0,2026-08-04 06:52:19.623000
16634239,Radhakrishnan Guhan,605.6,2026-08-04 05:23:51.806000
16652952,lackmind,605.3,2026-08-04 19:03:38.020000
16654332,Borys Tymchenko,604.8,2026-08-04 20:43:01.390000
16663594,NGU BLACK SANTA,604.2,2026-08-05 02:28:35.916000
16625434,Chirapathleo Saelim,604.2,2026-08-04 03:43:52.110000
16657312,baolood herid,604.0,2026-08-04 08:23:31.593000
16656568,FARIATHTHEEN F,604.0,2026-08-04 11:44:49.953000
16663649,Akhil Chinta,604.0,2026-08-04 23:10:11.040000
16655783,KonaKonaz,603.9,2026-08-04 09:36:57.380000
16644410,Swaroop Kallakuri,602.9,2026-08-04 15:40:29.303000
16636808,Kaito Ichikawa,601.9,2026-08-02 09:08:13.026000
16664751,Cindy Meng90,601.7,2026-08-05 04:51:23.536000
16623006,Aaradhy Singhvi,601.6,2026-08-05 01:51:33.166000
16663999,Colton Martin,601.2,2026-08-05 02:27:02.866000
16632291,alex chilton,600.4,2026-08-01 19:27:07.896000
16652904,TonightIsOver,600.0,2026-08-05 05:24:13.723000
16660259,Marcus,600.0,2026-08-05 05:25:17.350000
16665040,Arnav Yashlaha,600.0,2026-08-05 05:28:34.706000
16663444,Thomas,600.0,2026-08-05 05:25:46.636000
16661564,yang20251228,600.0,2026-08-05 05:28:01.053000
16654596,khusham sheth,600.0,2026-08-05 05:28:14.620000
16660318,Aiman Al-Shalfi,599.8,2026-08-04 21:06:04.150000
16630251,Handry Novianto,599.5,2026-08-04 09:00:48.550000
16658498,cheesama,599.0,2026-08-04 23:36:18.980000
16656709,Anh-Vu Mai-Nguyen,598.9,2026-08-05 02:50:25.256000
16658723,Waleed Alkhateeb,598.6,2026-08-04 10:35:22.576000
16633097,Matheus Bonjour Laviola da Silva,598.4,2026-08-02 11:08:21.053000
16662653,Jordan Schaeffer,597.6,2026-08-04 20:14:44.243000
16658272,Yash Katiyar,596.4,2026-08-04 15:36:15.026000
16655881,Zhuoran Zhao,595.9,2026-08-05 03:02:54.583000
16639507,Homii_N,595.8,2026-08-04 15:53:15.426000
16662790,Derek Earnhart,593.6,2026-08-04 18:04:01.420000
16661194,Sandeep Vanapalli,592.0,2026-08-04 15:37:06.576000
16655477,Nitesh Ranjan Singh,591.5,2026-08-04 17:16:07.066000
16651661,Quyền Thịnh,590.9,2026-08-04 10:15:13.716000
16663804,Fredy Meyer,590.8,2026-08-05 00:40:38.466000
16659874,ding yumeng,590.5,2026-08-04 11:07:15.400000
16660121,22307110257-张扬,589.7,2026-08-05 04:46:59.956000
16658520,drownedsnake,589.7,2026-08-05 01:03:22.790000
16632250,Mesut Gözdemir,589.4,2026-08-03 20:55:24.820000
16625219,MJVinay,588.9,2026-08-04 17:35:48.066000
16659025,Mohammed Naseef,588.7,2026-08-05 01:31:38.686000
16655689,花朝,588.4,2026-08-05 04:10:02.756000
16654542,JayveerSingh6,587.6,2026-08-04 07:31:22.673000
16631547,Chong Xuan Ng,587.5,2026-08-02 09:23:38.503000
16623515,fishcat,585.5,2026-07-31 13:04:39.936000
16660430,Hassaan Ibrahim,584.7,2026-08-04 12:24:31.170000
16661352,Porch Goose,584.7,2026-08-04 17:09:27.230000
16625808,Etsushi Yamamoto,584.4,2026-08-01 06:47:48.433000
16654974,ACd Rooy,583.7,2026-08-05 01:58:44.160000
16661507,Siddharth1984,583.5,2026-08-05 01:36:22.476000
16659414,TTGP_TEAM,582.6,2026-08-05 03:06:49.843000
16654548,trynaCode,582.5,2026-08-04 19:26:15.743000
16621716,harlen,582.4,2026-07-31 05:17:53.476000
16660089,ChristosGrigoras,582.3,2026-08-04 23:02:42.550000
16624414,Chaitanya Jamble,581.7,2026-07-31 05:42:10.116000
16656932,Thivvin Raj,581.3,2026-08-05 04:03:33.243000
16658477,chathura prasadh9817,580.6,2026-08-04 10:16:53.063000
16656107,Aotokitsuruya,580.1,2026-08-04 17:23:47.043000
16657664,Nguyễn Anh Kiệt 28,580.0,2026-08-04 06:48:32.243000
16656410,Sam,579.0,2026-08-04 05:07:20.796000
16662938,CarlitrosParra,578.7,2026-08-05 05:12:02.153000
16655381,Varshith K,578.5,2026-08-04 08:31:47.310000
16652661,Petru-Mihai Craciun,577.0,2026-08-04 18:11:23.426000
16630896,OpenBuilder,576.7,2026-08-04 19:56:33.433000
16659828,Lebansty Valan,575.8,2026-08-05 01:46:15.883000
16662120,Harpal Gujral,575.3,2026-08-04 16:21:20.103000
16654312,Xmeeeee,574.4,2026-08-05 00:11:29.900000
16663678,Fabiano Adelino,574.3,2026-08-05 04:00:58.016000
16659820,Accayo14,574.3,2026-08-04 14:54:31.063000
16659295,Alex,573.7,2026-08-04 12:24:46.540000
16662722,Ajeet Jain,573.6,2026-08-05 03:41:41.160000
16661646,Sergey Shcherbakov,573.6,2026-08-04 16:26:36.706000
16629201,GUILLERMO REY PANIAGUA,573.2,2026-08-01 16:41:58.396000
16661287,Jacob Hanlon,573.1,2026-08-05 00:14:52.643000
16623189,Aditya Mishra,572.8,2026-08-01 10:28:28.190000
16654943,Alexis Selorm Gbeckor - Kove,572.6,2026-08-04 11:58:23.440000
16623582,yunsuxiaozi,572.4,2026-08-01 13:59:57.040000
16664558,Praneeth Annapureddy,572.4,2026-08-05 04:52:45.293000
16658569,Danu A.,572.1,2026-08-04 14:26:52.303000
16661754,edwinis,571.9,2026-08-04 16:37:38.936000
16624879,indira,571.8,2026-07-31 06:52:02.903000
16638651,Emre,570.5,2026-08-03 22:51:24.136000
16625149,Rubylicious,570.5,2026-07-31 07:53:00.350000
16623503,D Mohith,569.6,2026-08-01 01:06:22.560000
16659658,Tim Wong,569.5,2026-08-05 04:29:50.943000
16661073,PyJa,569.4,2026-08-04 15:16:55.803000
16644053,Rafiozoo,569.1,2026-08-03 19:26:40.533000
16623316,Ondrew Zudin,569.1,2026-07-31 09:03:44.263000
16627581,AidenSong123,568.9,2026-08-03 05:43:26.653000
16657574,harikrishnacs,568.5,2026-08-04 12:28:53.616000
16654688,Terrell Millz,567.6,2026-08-04 20:31:27.593000
16641171,Sadettin Şamil Verdil,567.2,2026-08-04 10:05:53.543000
16654947,Ömer Hüseynov,566.9,2026-08-04 15:34:02.120000
16658366,kuroneko,566.1,2026-08-04 10:43:29.276000
16655527,Saurabh Kumar,566.1,2026-08-04 08:08:30.370000
16638019,Randynho,565.6,2026-08-02 20:19:51.156000
16661233,Uriel Johnson,565.5,2026-08-04 15:55:50.236000
16630772,Mitsuhiro Iizuka,565.2,2026-08-04 10:31:00.910000
16653429,mktdev,565.1,2026-08-04 21:53:28.343000
16661846,Jeffrey Pike,564.1,2026-08-04 19:49:43.673000
16623385,ISAKA Tsuyoshi,564.0,2026-07-31 00:31:34.446000
16660228,Ochuwa Pearl Isa,563.6,2026-08-04 14:05:02.556000
16641501,Sonal,563.5,2026-08-03 08:43:10.300000
16649077,Yifan Yang 135,562.5,2026-08-05 04:05:42.383000
16622842,Will,562.4,2026-07-30 19:31:55.360000
16657276,Пётр П,561.0,2026-08-04 12:44:41.390000
16633507,Ivan Vorfolomeev,559.9,2026-08-01 00:49:06.630000
16663867,Steve421471,559.9,2026-08-05 02:32:54.756000
16623643,LiXingtao,559.6,2026-07-31 01:46:36.226000
16661622,Ergin Akın,558.9,2026-08-04 19:07:03.066000
16664653,Adir,558.9,2026-08-05 04:43:02.660000
16659309,irisV11,558.6,2026-08-05 04:31:42.540000
16661099,TheSven,558.5,2026-08-04 14:51:41.453000
16661039,GiovanniCR,558.5,2026-08-04 22:19:07.596000
16627313,Zafer Liu,558.3,2026-08-03 05:13:39.670000
16663909,HDPark,557.9,2026-08-05 02:30:54.130000
16623226,Hafida Belayd,557.6,2026-08-02 19:18:16.380000
16627751,lzeee,556.8,2026-07-31 11:04:41.843000
16662043,Hengcong Zhu,556.7,2026-08-04 18:53:01.256000
16621402,Maxim,556.5,2026-07-31 06:46:07.813000
16660294,Mohamed Amadu Bangura,555.8,2026-08-04 16:14:07.360000
16660397,Divyansh82Raj,555.8,2026-08-04 15:01:28.930000
16656810,IskanderAkhmetov,555.6,2026-08-04 12:26:38.780000
16663356,Farm-ops,555.1,2026-08-05 02:49:36.216000
16623678,Mahog,554.3,2026-08-01 01:02:12.876000
16621585,Rokaiya Somapti,554.0,2026-07-30 19:57:21.933000
16639125,Caio Coelho,553.7,2026-08-04 23:22:49.613000
16644508,Vandana Pathania,553.5,2026-08-04 02:16:37.163000
16658304,KETHAVATH Aadarsh,553.5,2026-08-04 22:56:45.763000
16659588,Priya J,552.9,2026-08-05 04:16:11.246000
16621572,Abdulazeez AbdulMumeen,552.7,2026-08-04 13:01:53.526000
16660455,Alex Kapend,552.3,2026-08-04 22:55:53.140000
16640965,jidaoluckey,551.7,2026-08-04 13:10:16.830000
16659269,Bedirhan Dinçer,551.1,2026-08-04 14:42:37.653000
16644891,yankang_XZK,550.2,2026-08-03 10:35:48.653000
16664760,SN,549.2,2026-08-05 05:00:58.600000
16624935,Anjana mohan,549.0,2026-08-01 06:06:39.700000
16640810,まさやん,547.3,2026-08-05 01:33:32.620000
16658202,SNAEHATH P,546.9,2026-08-04 16:10:32.450000
16656608,Jeffrey Dilley,546.8,2026-08-04 15:40:08.723000
16623071,Santiago Maniches,546.5,2026-08-02 03:45:53.540000
16644023,Yiğit Efe Albaş,546.3,2026-08-02 18:34:39.786000
16660317,esgranja,546.2,2026-08-04 18:58:48.786000
16662846,Kerem Ercin,546.1,2026-08-05 04:22:34.400000
16638953,Joe Young,545.1,2026-08-03 19:23:13.080000
16662060,Richard Valino,544.7,2026-08-05 04:26:07.676000
16664406,MURDER GOOSE,544.6,2026-08-05 04:40:08.453000
16658960,Amit Kumar,544.4,2026-08-04 13:00:19.536000
16640332,ning gu,543.6,2026-08-05 04:59:09.650000
16632855,Shreyash_Automation,542.7,2026-08-05 04:22:16.580000
16663445,ali dzaki,542.5,2026-08-05 05:16:33.680000
16641140,NITISH_GOYAL1,542.2,2026-08-03 16:31:11.323000
16655281,Ricardo Diaz,541.9,2026-08-04 23:13:20.616000
16658677,大山,539.5,2026-08-05 01:55:41.880000
16661034,Devesh Mehta,539.3,2026-08-04 17:53:22.376000
16657681,Prince Raj,538.7,2026-08-04 14:50:06.603000
16651402,Mille Initiate,538.6,2026-08-05 04:34:23.693000
16625418,Hariprasanth Paranjothy,538.5,2026-08-01 05:52:19.916000
16656011,Jiashun Tan,538.3,2026-08-04 08:27:52.983000
16644877,lu_fish,537.8,2026-08-03 07:34:15.236000
16632503,Wei Hsiang Lin111,537.8,2026-08-01 07:42:33.686000
16657904,xfhdh1,537.0,2026-08-04 13:44:03.426000
16659210,HASHP100D,536.6,2026-08-04 09:32:01.170000
16662167,Tara Singh Kharwad,535.8,2026-08-04 18:14:00.246000
16653303,F4,535.4,2026-08-04 16:07:17.180000
16655257,Afia Animah Fosu,533.8,2026-08-04 18:21:50.290000
16660287,BhatNasir,532.9,2026-08-04 16:29:18.536000
16623631,SeaEag1e,531.5,2026-07-31 06:26:17.640000
16660341,Nefise Aybar,529.8,2026-08-04 12:37:29.066000
16633934,Alexy,528.3,2026-08-02 08:48:27.150000
16655080,Mohamed Judi,528.1,2026-08-05 02:52:55.683000
16623135,mohduwaishchaudhary,527.7,2026-07-30 22:05:45.013000
16655263,rishavsaigal,527.5,2026-08-04 20:14:31.856000
16654710,Ray Brothers,527.3,2026-08-05 03:30:59.130000
16661095,AAYUSHMAAN PATEL,527.3,2026-08-04 15:12:21.033000
16664072,victor aguilera,527.2,2026-08-05 03:38:23.040000
16637546,Forrest,526.7,2026-08-04 10:44:07.120000
16662715,Great Okwuma,526.4,2026-08-05 00:30:12.750000
16651157,StupidXie,525.4,2026-08-04 12:49:41.736000
16641665,huangjunjia,525.2,2026-08-04 14:12:26.210000
16631609,dlougen,524.9,2026-08-04 16:40:03.180000
16653903,Manav2805,524.3,2026-08-04 09:25:08.366000
16657587,PxlPau,524.2,2026-08-04 14:37:52.970000
16626105,sasaki,524.1,2026-07-31 15:58:13.860000
16621165,xisheng feng,522.5,2026-07-31 01:31:47.836000
16630007,Yuankun Liu,521.4,2026-07-31 15:48:13.583000
16657063,those how,521.2,2026-08-04 07:50:57.623000
16663998,Harith Al-Ani,520.7,2026-08-05 01:17:35.873000
16658512,fatariq,520.1,2026-08-04 18:49:55.490000
16662428,Sonu kumar,519.7,2026-08-05 05:08:48.353000
16658733,luoqiuy,516.7,2026-08-04 10:46:04.726000
16659260,hitesh,516.3,2026-08-04 17:21:39.430000
16656472,angusdddsa,515.7,2026-08-04 06:04:22.553000
16657383,Shih Hua Chou,515.5,2026-08-04 06:57:45.996000
16628268,toxic_2499,515.4,2026-08-04 17:51:59.596000
16654707,ManasviSharma,515.1,2026-08-05 05:24:44.030000
16656951,[Deleted] 6015b650-8e16-4705-8036-db40bdd2d353,513.7,2026-08-04 09:08:05.546000
16660369,Dev MCP,513.3,2026-08-04 12:59:09.026000
16658795,Case Seller,509.6,2026-08-04 10:54:42.820000
16659520,Play Code,509.5,2026-08-05 02:57:44.640000
16628409,yann sadowski,509.2,2026-07-31 09:39:25.966000
16658670,EveryJust,506.4,2026-08-04 13:04:47.236000
16637329,Rucbic,506.4,2026-08-04 20:26:26.560000
16662819,Feuorme,506.3,2026-08-04 18:40:36.540000
16661132,Jia Chen,506.1,2026-08-04 21:24:41.500000
16657290,lol-hiker,505.1,2026-08-05 04:58:51.123000
16663818,Mike Mordetsky,503.9,2026-08-05 00:43:24.650000
16660413,Ritesh-2006,503.4,2026-08-04 18:22:57.120000
16639624,Nishanth Rajan,502.0,2026-08-02 03:25:35.746000
16638343,Phong Khoi,501.8,2026-08-04 12:20:52.236000
16658521,Vishal Dhariwal,501.4,2026-08-04 18:34:07.993000
16621219,Inna Campo,500.9,2026-08-04 01:46:35.403000
16664566,Lormann ,500.6,2026-08-05 05:27:26.703000
16659688,Daniel,499.5,2026-08-04 12:42:43.553000
16654196,Aryaman Chokhani,499.2,2026-08-04 09:31:39.006000
16655069,Jason Harrison,499.1,2026-08-05 02:03:40.333000
16652334,Aldibek [dsmlkz],498.9,2026-08-04 07:56:12.050000
16662718,xlnt,498.7,2026-08-04 20:09:31.920000
16661934,Viacheslav Kasatkin,498.7,2026-08-04 16:24:41.396000
16624921,sky machine,498.4,2026-08-04 22:46:10.513000
16660333,Deanos Crew,498.1,2026-08-04 21:24:16.193000
16660330,wangyikai,498.0,2026-08-04 16:34:24.750000
16655446,Ismael Omar Leonidas Hurtado Vargas,497.7,2026-08-04 00:07:01.843000
16660060,AnkitGoyal,496.8,2026-08-04 21:50:09.436000
16663815,Tetsuya Sasaki,496.8,2026-08-05 04:30:30.413000
16661633,Joseph Garcia,496.7,2026-08-05 02:10:19.936000
16634219,Michael J Hammel,496.3,2026-08-01 11:37:10.630000
16641330,Takuya Yoshimi,496.0,2026-08-04 05:16:22.783000
16633737,nrg,495.7,2026-08-04 20:19:50.726000
16657054,ömer umut güngör,495.6,2026-08-04 11:36:38.290000
16656135,JAYASURYA R,495.4,2026-08-04 16:27:09.206000
16635130,Pongsaky,495.1,2026-08-01 12:56:02.956000
16664249,Rohan Jain,494.7,2026-08-05 03:08:32.320000
16661351,Adekojo Adeyemi,494.1,2026-08-04 15:25:52.080000
16658116,Emmy,494.0,2026-08-04 16:16:24.250000
16660923,naganikshith,493.9,2026-08-04 13:31:27.800000
16652446,tine.sh agent,493.5,2026-08-03 14:27:07.373000
16649794,Wanzhu Zhao,493.2,2026-08-04 13:04:05.240000
16624824,GoofyGenius,491.8,2026-08-04 09:36:00.443000
16644861,kanzaler ensemble,491.7,2026-08-03 05:55:12.940000
16656776,ShaoCharles,490.7,2026-08-04 19:19:45.900000
16636643,Babul Kumar,490.0,2026-08-02 07:46:50.673000
16656579,Riad Rayhan,489.8,2026-08-04 12:52:11.506000
16661891,BALLEN1337,489.8,2026-08-04 19:22:30.960000
16656732,Shivam Kashyap,486.6,2026-08-04 05:28:03.436000
16634166,Yuki.O,486.4,2026-08-03 10:09:46.506000
16655919,Tạ Minh Lễ,486.0,2026-08-04 06:46:45.530000
16639679,Felix Allistar,485.8,2026-08-03 14:21:40.626000
16657277,Raymond Brookman,485.7,2026-08-04 09:14:43.416000
16632293,pom,484.7,2026-08-03 15:48:39.293000
16661717,Yaswanth Ippili,484.4,2026-08-05 00:43:43.183000
16622097,Garrick C.P.,484.0,2026-08-01 12:22:08.150000
16663351,MiguelS,483.8,2026-08-04 21:30:34.570000
16662933,Marcelo Pereira,483.7,2026-08-05 02:01:13.866000
16639810,gytdrop,483.5,2026-08-05 05:01:57.463000
16640067,minghao mei,482.9,2026-08-02 09:57:29.766000
16655828,ack07,482.6,2026-08-05 04:45:49.893000
16637342,SupremeWarrior108,480.5,2026-08-04 19:37:15.570000
16656633,N25H03A1028,480.0,2026-08-05 05:18:45.466000
16659217,Dynamic_fire07,479.0,2026-08-04 15:40:52.523000
16650930,Govind Sharma,478.9,2026-08-04 10:44:38.423000
16635243,MlMlDev34,478.5,2026-08-01 11:26:52.930000
16656164,Justin Schomer,478.2,2026-08-05 05:26:17.500000
16660343,Mert Olgun899,477.9,2026-08-04 12:11:09.310000
16655729,Arnab Mallick,476.8,2026-08-04 02:41:48.390000
16661225,Menelik Zafir,476.2,2026-08-05 00:04:46.676000
16631101,Muneeb ul Hassan,475.8,2026-08-04 23:55:36.663000
16644480,Umut Keltek,475.5,2026-08-05 00:10:26.420000
16665015,laiba razzaq10,475.2,2026-08-05 05:27:17.533000
16655820,Cory Tortorici,475.1,2026-08-05 01:30:08.146000
16661191,Yudha Eka Saputra,474.6,2026-08-04 19:28:31.733000
16663738,Handre Bezuidenhout,474.3,2026-08-04 23:27:08.176000
16662833,umair zia,473.1,2026-08-05 04:10:19.140000
16646970,juewang1p,472.8,2026-08-04 02:41:08.636000
16643821,arnav chaturvedi123,472.2,2026-08-02 22:16:08.476000
16662684,Harshini Reddy,472.0,2026-08-04 18:29:51.546000
16641294,YogeshG22,471.5,2026-08-03 17:58:51.753000
16621683,Shivangoudaa,471.2,2026-08-05 04:18:25.546000
16657687,Siddardha Shayini,471.2,2026-08-04 14:23:48.963000
16659080,23f2004188,470.5,2026-08-05 01:55:25.113000
16661002,Eliyas sk,470.3,2026-08-04 16:51:31.786000
16661432,Ange Adantchede,466.7,2026-08-04 19:54:34.980000
16662230,Angus Mc Gregor,466.6,2026-08-04 19:27:46.860000
16664401,Pranav Premchand,466.4,2026-08-05 03:07:24.643000
16663658,oriolgalceran,466.1,2026-08-05 00:09:04.690000
16630545,GAURAV PARKHEDKAR,466.1,2026-08-01 07:00:23.260000
16625615,Mobeen Fatima,464.5,2026-08-01 14:20:07.203000
16623730,Ethan Higgins,463.5,2026-07-31 02:25:21.366000
16663922,MoongladeAI,463.1,2026-08-05 04:46:05.200000
16630520,dimitris_x94,462.8,2026-08-03 19:01:32.556000
16653054,Khongor2424,462.7,2026-08-03 15:32:17.046000
16664598,bi_dam,461.9,2026-08-05 05:17:50.406000
16660081,Manideep reddy Akula,461.6,2026-08-04 16:13:20.010000
16664415,Imerson Krysthio,461.1,2026-08-05 05:11:38.296000
16641606,Tanisha Sahu,460.8,2026-08-02 14:39:27.386000
16625611,Karl Smile,460.6,2026-07-31 10:23:38.123000
16661390,Raúl García Gómez,459.4,2026-08-04 17:04:39.213000
16658817,Andrew Glez,459.1,2026-08-04 12:10:17.746000
16625472,samuel tan,459.0,2026-08-03 15:26:32.010000
16661231,R Ajay Kumar12,458.0,2026-08-04 14:12:11.990000
16631777,KiKi,457.4,2026-08-04 18:11:58.956000
16659453,Ishwar Rathod,456.2,2026-08-04 11:02:28.930000
16662319,ethan.ai,455.7,2026-08-05 02:12:55.573000
16655250,Juan Pablo Ponce,453.9,2026-08-05 03:23:11.206000
16653001,Alexey Kuleshov,453.9,2026-08-04 12:07:51.113000
16624102,Khadersha.sk,452.9,2026-08-03 02:45:03.390000
16661382,CBenaventte,452.5,2026-08-04 17:33:06.536000
16655811,Duy Trần,452.0,2026-08-04 08:23:27.296000
16643278,Giovani Moresco,451.3,2026-08-04 19:35:20.190000
16663576,Yurnero,450.0,2026-08-04 21:24:04.570000
16656627,Soykot Podder,449.5,2026-08-04 12:50:42.500000
16659550,Sai Syam,449.4,2026-08-04 12:10:53.350000
16630163,SEREENA JERRY,449.0,2026-08-04 11:46:59.226000
16624990,Tanjim Ahmed Kingshu,448.5,2026-08-02 07:05:52.463000
16624253,Ho Dinh Trieu,448.2,2026-07-31 06:15:36.096000
16656641,AndrewEly8,447.6,2026-08-05 00:56:32.833000
16652276,Phare111,446.8,2026-08-04 15:09:55.213000
16653153,Gbining,446.8,2026-08-04 16:51:38.730000
16658875,Noah Bishop,444.4,2026-08-04 15:59:54.036000
16631981,Karen Letir,443.4,2026-08-04 05:10:45.063000
16661711,Wild Star217,442.6,2026-08-05 04:56:02.930000
16624553,Abiram Bharathi S.A,441.7,2026-08-04 05:21:35.596000
16658051,SethuMadhavan004,441.6,2026-08-04 11:37:28.670000
16635681,Shubham Phapale,439.9,2026-08-03 15:36:24.120000
16652397,Aniket Kumar,439.1,2026-08-04 05:13:30.630000
16657494,Trex,438.7,2026-08-05 00:38:50.293000
16634769,Fivingone,438.0,2026-08-03 03:47:43.920000
16654348,rkeshwani,437.2,2026-08-04 16:57:13.733000
16662051,Salem Ali,437.1,2026-08-04 20:25:04.436000
16661290,Kelian Esteve,437.0,2026-08-04 14:33:13.040000
16662039,Ajat Rosadi,437.0,2026-08-04 16:58:10.960000
16655997,tanatet8,436.7,2026-08-04 04:51:09.996000
16663369,csteeve,435.6,2026-08-05 00:48:24.693000
16627023,Noah Farr,435.4,2026-07-31 15:25:06.816000
16658344,SOONHANKWON,435.3,2026-08-05 04:56:23.696000
16658383,SIVA S,435.2,2026-08-04 13:07:37.336000
16662913,IYAMPAYE ribert,433.3,2026-08-04 19:01:38.223000
16658665,ChandramouliNagasundaram,431.5,2026-08-04 16:55:50.226000
16664119,FSzekut,430.8,2026-08-05 02:11:50.500000
16664454,Naga Vinay Avvaru,430.6,2026-08-05 04:53:44.333000
16651668,Haiku,430.6,2026-08-04 08:12:18.783000
16631989,VIDIT SHRIMALI,429.7,2026-07-31 17:13:46.643000
16639606,Peach2587,429.2,2026-08-05 02:37:01.653000
16658620,Dina Chettouh,427.4,2026-08-04 09:13:27.806000
16635848,KartoplyanePure,426.0,2026-08-04 23:08:55.630000
16635055,CHCHENTW,425.9,2026-08-03 11:12:14.490000
16656919,Sumaiya,425.5,2026-08-04 15:43:37.583000
16661659,Ivan Zagorulko,424.9,2026-08-04 15:29:09.030000
16660678,Chaitanya Sonaje,424.5,2026-08-04 13:40:28.260000
16658152,MingSUN007,424.3,2026-08-04 13:46:29.376000
16658319,Huỳnh Nguyễn Trọng Tín,424.0,2026-08-04 15:36:26.053000
16654404,Madhan Sidmal,423.8,2026-08-03 21:59:11.360000
16662967,Amalio Gomez,423.7,2026-08-04 22:07:16.233000
16656946,Sambit Padhan,423.7,2026-08-04 09:17:22.730000
16662646,Jay Parsana,421.9,2026-08-04 20:37:00.996000
16657145,Shudipto Trafder,421.8,2026-08-04 19:25:24.343000
16633982,Nikunj1375,421.1,2026-08-05 04:52:26.993000
16664514,Henry Adjanor tetteh,420.9,2026-08-05 04:23:04.106000
16659900,Abu Bakr,420.1,2026-08-04 18:30:29.420000
16659675,M.Athallah Rafif Aldera,420.1,2026-08-04 10:54:14.363000
16660886,Dr.Eldirdiri Fadol ,419.8,2026-08-05 05:22:28.386000
16623823,Julieta Rubis,419.4,2026-07-31 04:45:53.913000
16652230,BorisSpider,418.7,2026-08-04 20:04:42.160000
16656506,Piyush Harde,417.0,2026-08-04 12:54:26.280000
16629403,Galza98,414.0,2026-07-31 10:09:02.836000
16655003,Paramjeet Kaur,413.8,2026-08-04 21:09:02.350000
16663600,Adrián Flores,412.8,2026-08-05 00:38:36.606000
16663210,Marco Nasuelli,411.9,2026-08-04 19:38:59.793000
16656278,Bhuvaneshwari Rebba,411.2,2026-08-04 09:20:36.790000
16640683,Jason-Oh,411.2,2026-08-05 01:10:53.666000
16653941,Sachin Kumar Kushwaha,411.0,2026-08-03 18:17:35.366000
16656431,Venetta Smithen,411.0,2026-08-05 04:04:55.796000
16641536,Michael Timbs,409.6,2026-08-02 13:23:00.120000
16659975,Rahul Sain,409.4,2026-08-04 18:05:44.913000
16632319,Valentin,408.9,2026-07-31 21:14:24.936000
16626203,Manish Kumar Maurya,408.7,2026-08-05 04:31:41.903000
16655734,dworld,408.6,2026-08-05 04:13:18.433000
16641288,nakagawaren0805,407.8,2026-08-03 12:40:59.556000
16662861,Chirag Tutlani,407.8,2026-08-04 19:13:05.393000
16645300,szyulian,407.5,2026-08-04 04:42:36.650000
16658042,Giampietro Pregnolato,404.9,2026-08-04 21:01:10.543000
16639731,williamrawling,404.8,2026-08-05 00:50:34.396000
16661154,gronky goobers,404.7,2026-08-04 15:22:13.703000
16656351,Triet Ho,404.6,2026-08-05 03:12:15.250000
16658221,Roshan Roy,404.6,2026-08-04 09:37:08.906000
16655508,bigsea,403.4,2026-08-04 01:31:58.673000
16664004,"Me, Myself, and I",402.1,2026-08-05 03:10:29.006000
16658897,Teja Pattem,401.6,2026-08-04 09:24:21.250000
16662791,Shiva Neshan yuva,401.4,2026-08-04 19:28:15.840000
16630837,Vishal Sharma,401.4,2026-08-04 13:43:21.316000
16658700,szlachetny snieg,401.0,2026-08-04 08:48:47.516000
16655630,askBillyWhatMamaDid,400.6,2026-08-04 02:29:12.383000
16644519,Shambhu Shekhar Sinha,400.4,2026-08-04 18:45:24.146000
16660371,José Luis Gómezz,400.2,2026-08-05 00:00:47.950000
16639692,Nirmal Patel,399.8,2026-08-05 02:31:58.200000
16659374,[Deleted] 8f7327b9-2576-439b-bd6e-3f5fde366ebe,399.7,2026-08-04 10:12:44.040000
16660930,Chung Ching Yeh,399.2,2026-08-04 14:44:34.743000
16659703,Ananya #2,398.5,2026-08-04 12:00:26.566000
16621610,NMarkS,398.2,2026-08-01 19:05:45.956000
16652173,Shardul Gharat,397.8,2026-08-04 16:45:37.466000
16623806,黒田彩人,397.1,2026-07-31 03:52:53.896000
16633475,betagammashtrit,396.7,2026-08-04 16:39:52.673000
16659387,dharssshiniii,395.7,2026-08-04 09:48:15.506000
16651939,Yogesh Jadhav,394.4,2026-08-04 08:55:16.790000
16656595,Sithija Amarathunga,394.4,2026-08-04 10:09:50.740000
16624235,appu2431,392.9,2026-08-04 13:53:30.593000
16646076,Ajeet Krishnasamy,392.5,2026-08-04 19:52:27.026000
16641866,Prem Gandhi,392.2,2026-08-04 11:03:45.296000
16658693,leehuilong,391.9,2026-08-04 13:39:39.476000
16663945,anyasri,391.1,2026-08-05 00:11:17.843000
16654999,Raghad Abdulla (RA),390.9,2026-08-05 05:12:59.976000
16657545,Deepak Singh,390.7,2026-08-04 09:21:16.206000
16655748,revathip,390.6,2026-08-04 12:13:05.100000
16623161,Charles Kalaba,390.4,2026-08-04 19:47:47.746000
16623732,A.S.TENSHU,390.4,2026-08-04 13:57:06.990000
16657440,Lz7_129,390.1,2026-08-04 15:26:01.406000
16663614,Nevska,389.3,2026-08-04 21:29:30.170000
16657941,Nick Styles,389.0,2026-08-04 07:06:40.960000
16663003,devzohaib,387.9,2026-08-04 21:27:30.083000
16623099,Bovard Doerschuk-Tiberi,386.8,2026-07-30 21:04:23.810000
16662486,KOTHAPALLI DILEEP,386.7,2026-08-04 17:35:52.426000
16657729,Kandregula V S S V P Krishna Murthy,386.6,2026-08-04 10:12:26.543000
16650070,jakub slavíček,385.2,2026-08-04 12:58:40.093000
16661014,manu,385.1,2026-08-04 15:04:40.310000
16630662,Akshatjhawar777,384.5,2026-08-04 14:25:55.146000
16635663,Pascal Pfeiffer,383.5,2026-08-03 10:41:12.010000
16654253,Gaius K Biju,382.4,2026-08-03 18:51:18.206000
16621243,Jesse Bullard,382.1,2026-07-31 21:20:21.426000
16662714,Amilcar Rodriguez,382.0,2026-08-05 03:57:13.463000
16660653,yuvaraj kanchana,381.6,2026-08-05 03:56:58.846000
16656692,kinza aftab 714,381.5,2026-08-04 05:43:51.576000
16639814,Nikhil Krishna A,381.4,2026-08-03 09:30:49.346000
16622422,ss,378.3,2026-07-30 18:54:11.046000
16662269,KAMLESH KUMAR POKHARNA,377.6,2026-08-04 18:01:58.130000
16623528,Faijur Rahaman,377.4,2026-07-31 03:43:56.596000
16664359,Apil Khadka,377.0,2026-08-05 04:31:24.783000
16622567,Georgy Mamarin,376.8,2026-07-31 06:11:31.040000
16656485,stunningvn,376.6,2026-08-05 04:47:11.606000
16654853,Saketh Rao,375.5,2026-08-03 21:43:14.680000
16640582,Attension_Seeker,375.5,2026-08-04 21:08:30.553000
16664002,Guilherme Zanini de Sá,373.2,2026-08-05 01:04:36.583000
16659001,Tim Wanjohi,372.5,2026-08-04 09:33:42.256000
16632145,kazuki_kazukazu,371.9,2026-07-31 14:53:13.600000
16655424,Fayche,371.2,2026-08-04 22:31:50.673000
16653906,swaroop41,370.7,2026-08-04 05:53:29.240000
16624029,Miguel Angel Rodriguez Fonseca,370.5,2026-08-05 03:28:15.903000
16628190,Horizonx30,370.0,2026-08-02 17:59:18.370000
16621290,Muhammad Ahsan,368.9,2026-07-30 17:35:00.853000
16652159,Boson328,368.8,2026-08-04 10:06:13.313000
16658391,Jack #2,368.2,2026-08-04 18:08:32.326000
16661955,Bingos,367.4,2026-08-04 20:17:54.083000
16663869,CYBER_TECH99,366.0,2026-08-05 01:40:15.153000
16655292,Ingrid Fellah,365.4,2026-08-04 06:31:35.230000
16659585,Anas Riaz,365.2,2026-08-04 19:20:09.550000
16660419,Kai-Shih Chiu,363.8,2026-08-04 12:20:22.316000
16627717,da_pond,363.1,2026-07-31 08:33:57.213000
16658011,Arooba Hanif,362.7,2026-08-04 08:09:28.060000
16662318,Bardia Bahadori,362.5,2026-08-04 22:32:38.250000
16664129,Mr M 8641,362.5,2026-08-05 04:34:59.633000
16623480,xmaster6y,362.5,2026-07-31 06:11:13.010000
16654256,KONGARA PRASANTH,360.9,2026-08-04 03:40:27.266000
16632118,nk,360.5,2026-08-05 01:25:42.040000
16653997,Alekya Valapushetty,360.4,2026-08-05 03:37:11.890000
16659280,yahaya zayyan,360.4,2026-08-04 10:51:16.833000
16659572,ABHILASH PRAHARAJ,357.3,2026-08-04 11:24:21.343000
16660735,Bassel Elbahnasy,357.3,2026-08-04 14:16:02.220000
16661449,Samarjeet Singh,353.8,2026-08-05 02:32:19.750000
16664170,SpookyHippo,352.7,2026-08-05 02:32:23.433000
16654306,Shubham,351.4,2026-08-03 19:09:40.746000
16658519,David kinyanjui,349.7,2026-08-04 09:46:08.966000
16655813,minerppdy,347.3,2026-08-04 06:06:58.316000
16658290,rrishavrraj,345.5,2026-08-04 21:27:07.186000
16655633,johnny,343.7,2026-08-04 01:23:15.110000
16663191,Arnav Anand,342.2,2026-08-04 19:53:08.810000
16660250,Moshel,342.2,2026-08-04 12:57:20.143000
16635610,JeffFosterUK,342.0,2026-08-01 17:16:52.703000
16660144,Léandre ELISHA,341.9,2026-08-04 15:46:07.610000
16623846,masatoshi hiraki,341.4,2026-07-31 07:52:39.506000
16662105,PunnatatJAY,339.6,2026-08-04 16:22:50.936000
16662123,hannhu40022,339.2,2026-08-04 18:45:07.666000
16656685,Shravani Hibare,339.2,2026-08-04 08:46:35.320000
16661469,Qiqi Xie,336.9,2026-08-04 20:25:23.376000
16658702,sherlockwatson007,336.6,2026-08-04 13:46:30.516000
16658898,SRI shiva,335.3,2026-08-04 17:45:19.913000
16660485,Colin Gaffney,334.6,2026-08-05 00:50:36.480000
16656913,Inna Davidov,334.0,2026-08-04 05:53:04.040000
16636540,Burkova Nastia,334.0,2026-08-01 13:34:02.360000
16664609,Re2lawd,333.7,2026-08-05 03:45:21.480000
16660749,PavanK Saketh,333.7,2026-08-04 13:38:48.853000
16658761,!Aman212,332.9,2026-08-04 12:10:28.023000
16659283,DILEEP POTHULA,332.8,2026-08-05 03:43:25.493000
16639465,Gabriel Aguiar Leao,332.8,2026-08-02 00:23:49.706000
16658709,Kaggler Albafica,332.4,2026-08-04 08:55:56.363000
16663253,Albert Benjamin Asare,331.6,2026-08-04 23:51:55.570000
16660073,Mahad Kakooza,330.9,2026-08-04 22:38:40.126000
16661419,Shivansh Soni,330.7,2026-08-04 15:08:01.520000
16657671,RacoonTW,330.4,2026-08-05 02:51:39.533000
16654314,Mahamudul_Hassan_8012,329.9,2026-08-03 18:33:07.723000
16660990,Bunny Tang,329.6,2026-08-04 13:52:24.123000
16632566,maco-macoo,329.2,2026-07-31 18:04:20.430000
16662375,Yunusa Hussein Adeiza,328.5,2026-08-04 21:05:17.296000
16632675,Baran Kucuk,328.3,2026-08-05 00:09:17.940000
16658567,Sharif Mohamed (1),327.8,2026-08-04 13:16:47.746000
16659804,Gashahun Demise,327.2,2026-08-04 13:23:20.236000
16657228,Vladimir Babin,326.8,2026-08-04 16:38:13.656000
16658990,Muhammad Burhan SE-45-02,326.4,2026-08-05 04:17:11.386000
16662577,Shreyash Suryawanshi,325.5,2026-08-05 04:57:08.250000
16661402,Abin Biju,325.1,2026-08-04 19:46:06.976000
16658676,Abdul Roheem Abdul Warith,323.3,2026-08-04 18:59:04.443000
16660099,Desireog71,322.2,2026-08-04 21:27:36.753000
16644360,Mathous,320.3,2026-08-02 20:28:00.190000
16658577,Hifni Khakim,319.9,2026-08-05 04:18:36.556000
16659036,Mohammed Kaif,318.4,2026-08-04 10:41:22.593000
16658440,Gloria Lourelynn S,318.2,2026-08-04 15:16:09.233000
16658522,Amna khanii23,317.9,2026-08-04 13:35:41.200000
16660309,Hazem Mahmoud Elsayd,317.4,2026-08-04 16:34:31.806000
16656181,Vishwa,317.4,2026-08-04 05:45:14.476000
16623739,SarsaShen,317.1,2026-07-31 08:10:31.736000
16630380,JM,317.0,2026-08-04 09:29:18.930000
16654067,DataForge,316.8,2026-08-05 04:10:44.426000
16659871,Abel Kpoton,315.4,2026-08-04 20:41:20.696000
16659308,Attaerabi,315.3,2026-08-04 10:52:18.796000
16660321,syafanidwina,314.5,2026-08-05 00:41:33.826000
16653105,James,314.2,2026-08-03 15:32:33.526000
16661500,yagnit sutariya,312.6,2026-08-04 15:34:39.243000
16660291,Abhijit Rajkumar,312.3,2026-08-04 13:27:44.390000
16663677,Aghazie David,311.9,2026-08-04 22:29:05.560000
16622251,Moroz Roman,311.4,2026-07-30 20:04:59.370000
16638781,itsuki-data,311.3,2026-08-01 22:10:49.860000
16661447,Sibel Özbek,310.7,2026-08-04 20:50:27.523000
16632724,Sayan Dutta,310.6,2026-08-04 07:47:42.930000
16630903,Hrushikesh Pawar,309.4,2026-07-31 15:07:55.230000
16662557,Naman Sudershan,308.5,2026-08-04 17:49:05.226000
16660543,BUTUH DUIT,308.2,2026-08-05 02:02:06.526000
16655682,Azamat Sadikov,307.9,2026-08-04 03:25:41.393000
16656753,TAMAL SINGHA ROY,306.2,2026-08-04 09:44:12.810000
16633466,Aarush pandey,305.8,2026-08-02 19:49:05.476000
16657159,Amey Malpurkar,304.9,2026-08-04 15:43:33.896000
16630548,YJ Wee 2807,304.4,2026-07-31 14:52:10.136000
16661576,Yash Jumde,303.0,2026-08-04 18:26:02.886000
16646644,BeyondBirthday,302.8,2026-08-04 12:54:20.950000
16663981,Steven Pun,302.0,2026-08-05 01:08:31.360000
16637025,kodalien,301.5,2026-08-03 03:36:34.580000
16633414,sagar tripathy,301.3,2026-07-31 22:04:53.870000
16655758,patience,300.1,2026-08-05 02:04:54.523000
16657568,Manpreet Singh,299.9,2026-08-04 08:14:47.256000
16659018,Ramziddin Toxirov,299.5,2026-08-04 10:45:35.673000
16659000,xjlgg123,298.7,2026-08-04 09:25:50.956000
16658499,Grifun,297.6,2026-08-04 09:33:02.140000
16662859,Mohamed Zahran,297.3,2026-08-05 04:41:56.943000
16659312,qwertyDmitry,296.8,2026-08-04 13:41:12.213000
16658014,Bharath,295.7,2026-08-04 08:50:14.096000
16655786,leavts,295.0,2026-08-04 02:35:50.130000
16623131,Liam Carrig Newsam,293.9,2026-08-04 00:00:03.560000
16662099,The Algorithmist,292.3,2026-08-04 23:41:59.880000
16660342,Adapa Gopireddy,292.1,2026-08-04 12:49:43.046000
16656954,Marwan Elmetwally,287.9,2026-08-04 05:56:29.396000
16663240,Rilen T. L.,286.7,2026-08-05 02:17:00.226000
16629426,Abdullah Qureshi,286.7,2026-07-31 10:00:44.946000
16662803,Ashish Gawade,286.0,2026-08-04 19:11:19.280000
16659286,shane18,285.6,2026-08-04 11:27:18.176000
16654556,anjipoo,284.9,2026-08-05 05:05:07.966000
16632111,Arda Çiftçi,284.8,2026-08-04 20:03:37.623000
16651507,jappanini,281.7,2026-08-03 09:14:04.840000
16637894,Leonardo Domingues,281.6,2026-08-03 14:36:46.990000
16625029,Hilarus,281.5,2026-08-01 15:59:02.846000
16659234,MARY RAISA P,281.1,2026-08-05 00:19:31.720000
16633003,K Mukhiya ,279.1,2026-08-01 12:09:51.943000
16637845,Hadjmohamd Seif,278.0,2026-08-05 00:22:42.900000
16658695,Muskan Zahid,276.9,2026-08-04 14:14:02.993000
16663333,Iago Moura e Moreira,275.6,2026-08-04 20:05:06.796000
16622943,Erwin Huizenga,275.1,2026-08-04 15:02:14.603000
16657777,sandeep kumar,274.9,2026-08-04 11:41:21.106000
16623274,Mhmda81,274.1,2026-08-03 00:10:04.050000
16662615,Anurag irawit,273.1,2026-08-04 17:42:51.403000
16661810,AGNES33,273.0,2026-08-04 18:44:16.166000
16624973,Mrunmayee Kulkarni,272.8,2026-07-31 06:16:46.233000
16629441,Sofia_Gilka,271.4,2026-08-01 07:45:58.023000
16661393,razab Bawa,270.2,2026-08-05 05:11:21.543000
16660261,YO_ONE CHAUHAN,269.6,2026-08-04 22:39:07.533000
16654827,ADITYA KUMAR MISHRA,268.1,2026-08-03 20:07:22.853000
16654244,Saad Nanawala,267.8,2026-08-03 18:17:33.136000
16664822,Prateek Singh,266.8,2026-08-05 04:59:37.480000
16656777,Salam Alqerem,264.9,2026-08-05 05:11:56.823000
16655621,xia0910,264.0,2026-08-04 07:44:54.036000
16664179,Adam Basa,262.9,2026-08-05 03:12:40.616000
16651872,Evgen21,262.3,2026-08-04 17:07:21.350000
16644210,حسنين ساجد,260.1,2026-08-05 04:06:34.356000
16664759,ArghyaRanjanDas,258.1,2026-08-05 04:49:35.140000
16664218,Nguyen Vu Tue Khang,257.7,2026-08-05 02:49:13.990000
16658882,toukali samir,256.3,2026-08-04 22:42:43.536000
16659464,Héctor Valverde,255.8,2026-08-04 21:37:46.603000
16653078,pk210495,254.9,2026-08-05 04:00:19.170000
16662922,BrandonDucar,254.8,2026-08-05 01:52:36.763000
16662964,Tim Ogilvie,254.6,2026-08-04 20:29:20.256000
16634352,sovit karki,254.3,2026-08-03 10:25:41.406000
16655482,Apoorv007,254.2,2026-08-04 01:55:41.196000
16658100,Nanda Riansyah,254.0,2026-08-04 08:55:54.670000
16656210,Sanjay Suthraye,253.0,2026-08-04 14:55:13.346000
16664586,Owen Lim,252.9,2026-08-05 04:07:13.543000
16661689,David Rao,251.6,2026-08-04 18:27:01.333000
16661152,Dr.Abdulbaset Musleh,251.5,2026-08-04 15:37:30.276000
16662108,nhkien,249.5,2026-08-04 17:01:23.346000
16662455,Nenavath Shashi,249.2,2026-08-04 18:04:52.553000
16660978,Maksym Khavil,249.2,2026-08-04 13:43:48.410000
16659033,Farzana Shaju,248.5,2026-08-04 12:27:05.623000
16657561,Roshdibenrojo83,247.6,2026-08-04 07:19:05.723000
16658311,zkskhurram,247.3,2026-08-04 10:23:39.450000
16662662,Joaquim Jose1,246.6,2026-08-04 17:57:03.883000
16662293,Alejandro Fonda,245.8,2026-08-04 19:26:01.533000
16653319,Md. Rasel Meya,245.6,2026-08-04 03:01:09.763000
16621770,Rudraksh Zodage,245.0,2026-07-30 20:07:49.270000
16661252,Andrzej Walczak,244.9,2026-08-05 04:05:23.140000
16660579,mayank,244.1,2026-08-04 14:34:09.093000
16641109,zzgtylors,243.1,2026-08-04 19:39:41.843000
16662295,benja cooper,242.7,2026-08-04 17:41:28.803000
16659910,Shraddha Kumbhar,242.7,2026-08-04 12:30:15.853000
16660285,Sawan Kohli,241.8,2026-08-04 15:33:54.903000
16658635,Deepak Kumar ,239.4,2026-08-05 02:38:29.813000
16654559,Kerem Ali AVCIOĞLU,237.5,2026-08-03 19:28:49.686000
16657344,Ombayo fredrick,236.1,2026-08-04 14:04:04.803000
16662334,Andres Beltran,235.9,2026-08-04 22:58:11.940000
16659582,Srikanth Adivanna,235.8,2026-08-04 11:25:45.936000
16635248,eosphor,235.5,2026-08-01 09:46:59.586000
16662547,hiteshsinh solanki,235.4,2026-08-04 18:53:53.453000
16663368,Laurence Dale,235.4,2026-08-04 21:15:25.693000
16664671,Acteus,235.2,2026-08-05 04:29:04.730000
16658969,Yuri Maslov,233.1,2026-08-04 10:11:45.406000
16663040,BARBARA GASKINS,230.7,2026-08-05 01:09:56.820000
16623660,Taylor S. Amarel,230.1,2026-07-31 23:36:48.026000
16659444,ANKIT AGARWAL,230.1,2026-08-04 10:28:58.963000
16659840,Dasari Giri Gabrelu,228.0,2026-08-05 02:20:26.100000
16659097,noril09,227.8,2026-08-04 11:56:35.253000
16659451,anero98,227.1,2026-08-04 12:47:51.740000
16659720,Project_Kurukshetra,226.9,2026-08-04 19:35:13.570000
16664457,yaohongfu,225.3,2026-08-05 03:44:30.210000
16621519,Ᏸ𐍂Ꭷ,224.9,2026-07-30 17:30:30.230000
16657303,Tejas Tiwari,224.6,2026-08-04 07:32:17.303000
16662048,Deekshitha Prabhakar,224.1,2026-08-04 17:24:28.293000
16633342,farm75,221.8,2026-08-03 14:03:14.143000
16657201,ShayML,220.7,2026-08-05 01:49:21.576000
16623953,Denuwan Wijesinghe,219.1,2026-08-01 07:57:04.316000
16657227,Anusha Marla,218.6,2026-08-04 07:05:53.723000
16662243,Cepeda Braxton,217.5,2026-08-04 19:31:54.796000
16625770,Đức Trung Trần,216.3,2026-08-03 07:26:52.056000
16663265,Darlington Ayakazi,216.0,2026-08-04 20:26:08.200000
16633511,joshan gladston,215.9,2026-08-01 01:19:57.413000
16644474,Vihaan Ahluwalia,215.2,2026-08-04 13:54:06.686000
16661098,Muhammad aufa azmi,214.5,2026-08-04 15:18:35.710000
16657055,RedKiwi,214.5,2026-08-05 04:49:14.406000
16662647,Ruben Maya,213.8,2026-08-04 23:52:38.593000
16656643,Willetta Dettore,212.7,2026-08-04 09:09:52.940000
16658401,Aryan Lonare,211.6,2026-08-04 09:55:47.976000
16663674,Mason Mahar,211.3,2026-08-05 00:39:37.160000
16630725,vaibhav vyas,209.0,2026-08-04 10:39:42.283000
16636855,Wynn Koo,208.1,2026-08-01 14:03:04.853000
16625663,sota1111,207.3,2026-08-04 13:06:40.326000
16662495,Earth,206.1,2026-08-04 17:16:58.100000
16659041,uma mahesh23,205.5,2026-08-04 11:50:03.283000
16640594,Win2207,204.1,2026-08-04 13:11:18.673000
16659881,SantosR,200.5,2026-08-04 12:04:12.866000
16659415,PincheCabrón,195.0,2026-08-04 20:56:51.560000
16657674,karthik Reddy Karri,187.6,2026-08-04 13:49:20.143000
16633250,Myst19,186.8,2026-08-03 13:25:15.456000
16623094,Claudia Arias Gonzalez,185.6,2026-08-04 21:04:03.260000
16660340,pawan sondhiya,185.0,2026-08-04 12:32:38.153000
16654087,Gabriela_Fernandes4,180.6,2026-08-04 19:12:33.176000
16659501,Duckey,178.9,2026-08-04 13:02:16.543000
16661990,Olaoluwa Abiodun,177.6,2026-08-04 18:03:31.823000
16632413,Varun Patil,174.5,2026-07-31 18:41:34.853000
16624666,Avik Das,173.3,2026-08-01 06:38:21.286000
16656308,Srishanth Sriramula,170.6,2026-08-04 05:15:11.043000
16661160,Roobhasridevi P,169.9,2026-08-04 14:31:22.063000
16653934,Ayomide Abdulrahmon,163.3,2026-08-03 19:22:32.180000
16626159,Cảnh Đinh Tiến,162.6,2026-08-02 09:17:36.580000
16657035,Christvin Mathew,158.1,2026-08-04 08:55:56.263000
16624064,Hemant Ahlawat,157.6,2026-07-31 15:52:56.286000
16630041,Devi prashad tripathi,157.1,2026-08-03 17:56:58.976000
16633932,omikbop,154.6,2026-08-02 12:36:52.443000
16659817,Viet Anh Ngo ,154.3,2026-08-04 10:55:41.020000
16658666,VMax Agents,149.5,2026-08-04 10:57:49.556000
16636333,xiaoyang66,133.9,2026-08-01 12:56:01.870000
16644439, علي ساجد,111.7,2026-08-02 21:40:07.170000
16632841,AGG,89.6,2026-08-02 22:03:09.870000
